日期,股票代码,名称,收盘价,最高价,最低价,开盘价,前收盘,涨跌额,涨跌幅,换手率,成交量,成交金额
2013-09-18,'000333,美的集团,42.24,46.4,39.88,40.5,44.56,-2.32,-5.2065,5.6664,38889754,1681303475.55
2013-09-23,'000333,美的集团,46.2,46.46,40.67,41.9,42.24,3.96,9.375,4.6409,31851606,1406017543.27
2013-09-24,'000333,美的集团,44.61,46.15,44.4,45.49,46.2,-1.59,-3.4416,2.9148,20004514,901506346.98
2013-09-25,'000333,美的集团,45.05,47.14,44,44.01,44.61,0.44,0.9863,2.501,17165136,781787170.45
2013-09-26,'000333,美的集团,43,45.07,42.45,44.65,45.05,-2.05,-4.5505,2.1391,14680801,640034808.27
2013-09-27,'000333,美的集团,43,44.3,42.67,43,43,0,0,1.2474,8561465,372250409.07
2013-09-30,'000333,美的集团,43.24,43.8,42.88,42.99,43,0.24,0.5581,1.1173,7668272,331344575.6
2013-10-08,'000333,美的集团,44.99,45.21,42.9,43,43.24,1.75,4.0472,1.6192,11112977,493442850.65
2013-10-09,'000333,美的集团,44.68,45.54,44,44.65,44.99,-0.31,-0.689,1.2101,8305418,370734066.73
2013-10-10,'000333,美的集团,45.71,46.36,44.14,44.5,44.68,1.03,2.3053,2.2767,15625661,708889939.75
2013-10-11,'000333,美的集团,45.53,46.05,45.25,46,45.71,-0.18,-0.3938,1.1612,7969766,363516964.62
2013-10-14,'000333,美的集团,46,46.33,44.6,45.52,45.53,0.47,1.0323,1.4056,9646785,441424913.34
2013-10-15,'000333,美的集团,45.15,46,44.85,46,46,-0.85,-1.8478,1.3466,9241988,419089541.24
2013-10-16,'000333,美的集团,44.67,45.88,43.7,44.76,45.15,-0.48,-1.0631,1.2995,8918362,397199767.47
2013-10-17,'000333,美的集团,44.61,45.1,44.22,44.68,44.67,-0.06,-0.1343,0.8091,5552669,247582778.37
2013-10-18,'000333,美的集团,46.01,46.8,44.3,44.52,44.61,1.4,3.1383,1.5184,10420989,478846152.15
2013-10-21,'000333,美的集团,47.85,48.1,45.68,46.2,46.01,1.84,3.9991,1.9766,13565868,638065955.28
2013-10-22,'000333,美的集团,47.42,48.31,46.88,47.4,47.85,-0.43,-0.8986,1.1969,8214741,390719938.23
2013-10-23,'000333,美的集团,46.09,48.43,45.9,47.47,47.42,-1.33,-2.8047,1.2719,8729030,407798443.49
2013-10-24,'000333,美的集团,47.5,49.6,45.84,46,46.09,1.41,3.0592,1.7803,12218451,583397301.42
2013-10-25,'000333,美的集团,47.7,48.85,47.11,47.43,47.5,0.2,0.4211,1.4911,10233626,490068564.95
2013-10-28,'000333,美的集团,49.47,49.5,47.5,47.97,47.7,1.77,3.7107,1.5221,10446741,508354445.01
2013-10-29,'000333,美的集团,48.93,49.68,48.01,49.1,49.47,-0.54,-1.0916,1.4064,9652552,469601271.48
2013-10-30,'000333,美的集团,50.17,50.66,48.65,49.01,48.93,1.24,2.5342,1.7672,12128524,604865247.77
2013-10-31,'000333,美的集团,48.4,50.8,47.93,50.68,50.17,-1.77,-3.528,1.4677,10073288,491851069.63
2013-11-01,'000333,美的集团,47.76,48.79,47.33,47.79,48.4,-0.64,-1.3223,1.0499,7205717,344516586.56
2013-11-04,'000333,美的集团,47.99,48.5,47.6,47.6,47.76,0.23,0.4816,0.723,4962214,238322433.22
2013-11-05,'000333,美的集团,48.19,48.41,47.08,47.52,47.99,0.2,0.4168,0.7977,5475095,261530183.36
2013-11-06,'000333,美的集团,46.75,48.23,46.21,47.98,48.19,-1.44,-2.9882,0.8779,6025131,284031665.55
2013-11-07,'000333,美的集团,46.22,46.93,45.16,46.52,46.75,-0.53,-1.1337,0.9042,6205677,283865718.07
2013-11-08,'000333,美的集团,45.66,46.2,45.33,45.8,46.22,-0.56,-1.2116,0.4868,3341133,153053748.71
2013-11-11,'000333,美的集团,45.78,46,44.61,45.69,45.66,0.12,0.2628,0.5218,3580989,162564568.65
2013-11-12,'000333,美的集团,46.35,47.02,45.5,45.88,45.78,0.57,1.2451,0.9431,6472993,301452116.47
2013-11-13,'000333,美的集团,45.5,46.34,45.5,45.86,46.35,-0.85,-1.8339,0.4442,3048409,139594995.26
2013-11-14,'000333,美的集团,46,46.32,44.67,45.55,45.5,0.5,1.0989,0.7921,5436007,246139982.62
2013-11-15,'000333,美的集团,46.2,47.06,45.61,45.87,46,0.2,0.4348,0.9356,6421521,298879163.02
2013-11-18,'000333,美的集团,46.89,47.08,46.1,46.35,46.2,0.69,1.4935,0.7261,4983041,232323741.97
2013-11-19,'000333,美的集团,46.97,47.5,46.51,46.88,46.89,0.08,0.1706,0.7746,5316174,250109367.97
2013-11-20,'000333,美的集团,46.68,47.48,46.41,47.48,46.97,-0.29,-0.6174,0.608,4172673,195299676.7
2013-11-21,'000333,美的集团,45.71,46.7,45.05,46.7,46.68,-0.97,-2.078,0.9621,6602904,300714511.26
2013-11-22,'000333,美的集团,46.58,46.85,45.66,45.85,45.71,0.87,1.9033,0.6453,4428863,205574946.43
2013-11-25,'000333,美的集团,45.96,46.31,45.58,45.83,46.58,-0.62,-1.331,0.9209,6320252,289730106.73
2013-11-26,'000333,美的集团,47.19,47.2,45.7,45.91,45.96,1.23,2.6762,1.145,7858305,367247558.67
2013-11-27,'000333,美的集团,46.59,47.29,46.25,47.2,47.19,-0.6,-1.2715,0.7893,5417393,252670204.66
2013-11-28,'000333,美的集团,47.67,47.97,46.6,46.6,46.59,1.08,2.3181,1.0546,7237994,343994300.21
2013-11-29,'000333,美的集团,47.91,48,47.28,47.52,47.67,0.24,0.5035,0.7469,5125945,244627679.93
2013-12-02,'000333,美的集团,46.13,47.19,46.03,47.02,47.91,-1.78,-3.7153,0.949,6513376,304178444.19
2013-12-03,'000333,美的集团,47.02,47.09,46,46,46.13,0.89,1.9293,0.8169,5606801,261874434.42
2013-12-04,'000333,美的集团,47.94,48.4,46.8,47,47.02,0.92,1.9566,0.8343,5726006,274690867.03
2013-12-05,'000333,美的集团,48.54,48.88,47.89,48.06,47.94,0.6,1.2516,0.7976,5473742,265569524.21
2013-12-06,'000333,美的集团,48.4,48.63,47.73,48.59,48.54,-0.14,-0.2884,0.5601,3844333,185057340.88
2013-12-09,'000333,美的集团,48.49,48.97,47.95,48.45,48.4,0.09,0.186,0.6859,4707669,227857524.61
2013-12-10,'000333,美的集团,49.68,50.47,48.8,48.8,48.49,1.19,2.4541,1.5756,10813891,538909457.8
2013-12-11,'000333,美的集团,48.38,50,47.84,49.45,49.68,-1.3,-2.6167,0.9172,6295245,309155364.38
2013-12-12,'000333,美的集团,49.31,49.49,47.68,48.2,48.38,0.93,1.9223,0.6657,4568478,221437140.19
2013-12-13,'000333,美的集团,50.15,50.9,48.42,48.51,49.31,0.84,1.7035,1.6009,10987469,551962433.12
2013-12-16,'000333,美的集团,49.91,51.5,49.8,50.14,50.15,-0.24,-0.4786,1.3955,9577462,485809113.18
2013-12-17,'000333,美的集团,49,50.1,48.92,49.96,49.91,-0.91,-1.8233,0.9334,6405805,315460842.05
2013-12-18,'000333,美的集团,50.49,50.5,48.5,48.98,49,1.49,3.0408,0.9334,6406127,318806468.76
2013-12-19,'000333,美的集团,49.89,51.38,49.89,50.75,50.49,-0.6,-1.1884,0.9247,6346406,320375899.66
2013-12-20,'000333,美的集团,51.78,52,49.41,49.6,49.89,1.89,3.7883,2.9678,20368231,1029695716.24
2013-12-23,'000333,美的集团,50.35,51.7,50.01,51.2,51.78,-1.43,-2.7617,1.0278,7054117,357126323.4
2013-12-24,'000333,美的集团,50.81,51.17,49.77,50.8,50.35,0.46,0.9136,0.9582,6575973,330453340.88
2013-12-25,'000333,美的集团,50.4,51.12,50.14,51,50.81,-0.41,-0.8069,0.6211,4262422,215560125.12
2013-12-26,'000333,美的集团,48.45,50.2,47.58,50.16,50.4,-1.95,-3.869,1.5432,10590937,515988358.27
2013-12-27,'000333,美的集团,49.78,50.3,47.82,48,48.45,1.33,2.7451,1.0859,7452613,366987474.83
2013-12-30,'000333,美的集团,49.5,50.54,49.41,49.78,49.78,-0.28,-0.5625,0.6382,4380030,218806910.72
2013-12-31,'000333,美的集团,50,50.1,48.26,49.41,49.5,0.5,1.0101,0.8722,5985944,294099112.29
2014-01-02,'000333,美的集团,48.92,49.82,48.6,49.4,50,-1.08,-2.16,0.575,3946290,193220266.48
2014-01-03,'000333,美的集团,48.07,48.8,47.11,48.4,48.92,-0.85,-1.7375,1.1051,7584577,362396320.3
2014-01-06,'000333,美的集团,46.61,47.98,46.36,47.88,48.07,-1.46,-3.0372,0.8731,5992569,279878513.71
2014-01-07,'000333,美的集团,46.46,47.18,46.2,46.2,46.61,-0.15,-0.3218,0.5014,3440935,160580651.04
2014-01-08,'000333,美的集团,0,0,0,0,46.46,None,None,0,0,0
2014-01-09,'000333,美的集团,0,0,0,0,46.46,None,None,0,0,0
2014-01-10,'000333,美的集团,0,0,0,0,46.46,None,None,0,0,0
2014-01-13,'000333,美的集团,46.5,48.5,45.8,46,46.46,0.04,0.0861,1.0774,7394698,346958966.27
2014-01-14,'000333,美的集团,48.01,48.06,46.33,46.5,46.5,1.51,3.2473,0.7302,5011533,237738075.33
2014-01-15,'000333,美的集团,48.4,49.05,47.51,47.7,48.01,0.39,0.8123,0.6275,4306796,208692015.19
2014-01-16,'000333,美的集团,48.32,49.04,47.81,48.39,48.4,-0.08,-0.1653,0.6185,4245118,205606086.12
2014-01-17,'000333,美的集团,46.9,48.32,46.67,48.05,48.32,-1.42,-2.9387,0.5856,4019015,190432273.24
2014-01-20,'000333,美的集团,47.51,47.84,46.51,46.89,46.9,0.61,1.3006,0.5561,3816813,180827659.82
2014-01-21,'000333,美的集团,47,47.8,46.78,47.5,47.51,-0.51,-1.0735,0.6317,4335520,204014337.5
2014-01-22,'000333,美的集团,47.76,47.97,46.85,47.05,47,0.76,1.617,0.6291,4317868,205238258.42
2014-01-23,'000333,美的集团,48.38,49.13,47.32,47.73,47.76,0.62,1.2982,0.8014,5500074,265863460.78
2014-01-24,'000333,美的集团,48.61,49.26,47.8,48.38,48.38,0.23,0.4754,0.7339,5036662,245337713.35
2014-01-27,'000333,美的集团,47.36,48.35,47.15,48.31,48.61,-1.25,-2.5715,0.7901,5422290,258565265.04
2014-01-28,'000333,美的集团,47.91,48.28,47.3,47.83,47.36,0.55,1.1613,0.5404,3708992,177707761.89
2014-01-29,'000333,美的集团,47.79,48.37,47.5,48.25,47.91,-0.12,-0.2505,0.5838,4006927,191411779.34
2014-01-30,'000333,美的集团,46.86,47.9,46.51,47.88,47.79,-0.93,-1.946,0.7949,5455584,256146015.28
2014-02-07,'000333,美的集团,45.71,46.41,44.9,46.41,46.86,-1.15,-2.4541,1.3453,9233260,419470256.6
2014-02-10,'000333,美的集团,46.55,47,45.4,45.69,45.71,0.84,1.8377,1.0284,7058080,327990401.1
2014-02-11,'000333,美的集团,45.95,46.52,45.5,46.52,46.55,-0.6,-1.2889,0.9701,6658013,305636957.47
2014-02-12,'000333,美的集团,46.75,47.19,45.66,46,45.95,0.8,1.741,0.9282,6370454,296686578.71
2014-02-13,'000333,美的集团,46.15,46.81,45.7,46.81,46.75,-0.6,-1.2834,0.9991,6856965,317109261.6
2014-02-14,'000333,美的集团,46.29,46.53,45.81,45.89,46.15,0.14,0.3034,0.5778,3965343,182979755.1
2014-02-17,'000333,美的集团,46.5,46.58,46,46.35,46.29,0.21,0.4537,0.8233,5650256,260881611.64
2014-02-18,'000333,美的集团,45.99,46.39,45.66,46.39,46.5,-0.51,-1.0968,0.6007,4122529,189272106.43
2014-02-19,'000333,美的集团,46.08,46.38,45.5,46,45.99,0.09,0.1957,0.6392,4387068,202089733.31
2014-02-20,'000333,美的集团,44.91,46.17,44.7,46.06,46.08,-1.17,-2.5391,1.2363,8485159,383520522.55
2014-02-21,'000333,美的集团,44.7,45.25,44.48,44.95,44.91,-0.21,-0.4676,0.6983,4792501,214409176.48
2014-02-24,'000333,美的集团,41.92,44.6,40.3,44.5,44.7,-2.78,-6.2192,1.9848,13622311,569681717.19
2014-02-25,'000333,美的集团,40.34,41.8,40.28,41.8,41.92,-1.58,-3.7691,2.2149,15201359,619138414.67
2014-02-26,'000333,美的集团,39.26,40.19,39,40.09,40.34,-1.08,-2.6772,1.6656,11431274,450989052.86
2014-02-27,'000333,美的集团,38.16,39.59,37.74,39.43,39.26,-1.1,-2.8018,2.0538,14095849,541013006.37
2014-02-28,'000333,美的集团,38.94,38.95,37.78,38.2,38.16,0.78,2.044,1.1626,7978905,308076484.52
2014-03-03,'000333,美的集团,39.92,40.3,38.5,38.5,38.94,0.98,2.5167,0.9506,6523906,258418199.91
2014-03-04,'000333,美的集团,38.88,39.59,38.45,39.59,39.92,-1.04,-2.6052,0.8494,5829695,226270204.06
2014-03-05,'000333,美的集团,38.8,39.6,38.55,39,38.88,-0.08,-0.2058,0.6477,4445050,173812818.87
2014-03-06,'000333,美的集团,40.65,41.01,38.61,38.8,38.8,1.85,4.768,1.6993,11662673,468521554.83
2014-03-07,'000333,美的集团,40.49,41.34,40.32,40.69,40.65,-0.16,-0.3936,0.8034,5513560,225197534.5
2014-03-10,'000333,美的集团,40.64,41.9,39.75,40,40.49,0.15,0.3705,1.497,10274375,423278118.2
2014-03-11,'000333,美的集团,41.76,42.66,41.05,41.05,40.64,1.12,2.7559,1.5852,10879544,457655975.6
2014-03-12,'000333,美的集团,42.07,42.45,41.36,42.25,41.76,0.31,0.7423,0.9339,6409232,268506551.25
2014-03-13,'000333,美的集团,41.8,42.36,41.35,42.13,42.07,-0.27,-0.6418,0.7122,4887819,204431525.44
2014-03-14,'000333,美的集团,41.8,42.28,41.01,41.77,41.8,0,0,0.6193,4250563,177624027.56
2014-03-17,'000333,美的集团,43,43.05,41.43,41.9,41.8,1.2,2.8708,1.1046,7580905,321709296.76
2014-03-18,'000333,美的集团,42.11,43.8,42.07,43.69,43,-0.89,-2.0698,1.0487,7197754,306533806.51
2014-03-19,'000333,美的集团,41.04,42,40.5,41.88,42.11,-1.07,-2.541,0.7684,5273720,216781124.89
2014-03-20,'000333,美的集团,39.79,41.65,39.55,41.04,41.04,-1.25,-3.0458,1.0819,7425367,299716621.25
2014-03-21,'000333,美的集团,40.85,41.05,39.78,39.79,39.79,1.06,2.664,0.6236,4279616,173385626.19
2014-03-24,'000333,美的集团,41.16,41.36,40.33,40.57,40.85,0.31,0.7589,0.6117,4198265,171713629.91
2014-03-25,'000333,美的集团,41.44,42.04,40.7,40.98,41.16,0.28,0.6803,0.5838,4006743,166315510.03
2014-03-26,'000333,美的集团,42.28,42.5,41.41,41.41,41.44,0.84,2.027,0.603,4138661,174364926.5
2014-03-27,'000333,美的集团,42.12,42.44,41.75,42.28,42.28,-0.16,-0.3784,0.5884,4038076,170231817.33
2014-03-28,'000333,美的集团,42.85,43.5,42.21,42.21,42.12,0.73,1.7331,1.1454,7861031,337750198.53
2014-03-31,'000333,美的集团,45.08,47.14,44.79,47.14,42.85,2.23,5.2042,4.7201,32394664,1495925787.3
2014-04-01,'000333,美的集团,47.02,47.43,44.29,45.08,45.08,1.94,4.3035,3.5395,24292441,1127692978.19
2014-04-02,'000333,美的集团,46.31,47.85,46.2,47.16,47.02,-0.71,-1.51,2.4094,16536316,771714339.46
2014-04-03,'000333,美的集团,46.1,47.47,45.36,46.5,46.31,-0.21,-0.4535,2.5218,17307908,804169466.93
2014-04-04,'000333,美的集团,46.01,46.36,45.03,45.68,46.1,-0.09,-0.1952,1.7687,12139030,555344087.58
2014-04-08,'000333,美的集团,46.75,47.01,45.42,45.9,46.01,0.74,1.6083,2.2515,15452763,718320751.98
2014-04-09,'000333,美的集团,46.84,47.44,46.52,47,46.75,0.09,0.1925,1.8959,13011942,610865903.22
2014-04-10,'000333,美的集团,46.59,47.05,46.02,47.02,46.84,-0.25,-0.5337,2.001,13733126,638814180.87
2014-04-11,'000333,美的集团,47.9,48.26,46.61,46.69,46.59,1.31,2.8118,3.094,21234877,1011449960.88
2014-04-14,'000333,美的集团,47.34,47.95,47.11,47.75,47.9,-0.56,-1.1691,1.5515,10648103,505394740.67
2014-04-15,'000333,美的集团,45.9,47.46,45.8,47.46,47.34,-1.44,-3.0418,1.8721,12848818,595582825.37
2014-04-16,'000333,美的集团,46.16,46.18,45.6,45.6,45.9,0.26,0.5664,0.9695,6653570,305679089.52
2014-04-17,'000333,美的集团,46.34,46.86,46.2,46.21,46.16,0.18,0.3899,0.8981,6163692,287072398.08
2014-04-18,'000333,美的集团,46.7,46.85,45.7,46.1,46.34,0.36,0.7769,0.7961,5463762,253230785.13
2014-04-21,'000333,美的集团,46,46.65,45.89,46.2,46.7,-0.7,-1.4989,0.9879,6780069,313220643.64
2014-04-22,'000333,美的集团,45.15,46.16,44.13,45.9,46,-0.85,-1.8478,1.6832,11551874,519669810.08
2014-04-23,'000333,美的集团,46.1,46.9,45.72,45.81,45.15,0.95,2.1041,1.556,10679217,495039641.58
2014-04-24,'000333,美的集团,47.17,47.27,45.52,45.99,46.1,1.07,2.321,1.7001,11668019,544749606.15
2014-04-25,'000333,美的集团,47.01,47.57,46.75,47.39,47.17,-0.16,-0.3392,1.3488,9257239,436514884.52
2014-04-28,'000333,美的集团,46.44,47.23,44.99,47,47.01,-0.57,-1.2125,1.3921,9554304,438749335.56
2014-04-29,'000333,美的集团,46.99,47.89,45.89,46.7,46.44,0.55,1.1843,2.7536,18898228,889389035.37
2014-04-30,'000333,美的集团,17.27,17.89,17.14,17.88,18,-0.73,-4.0556,1.5892,27266615,477911355.97
2014-05-05,'000333,美的集团,17.55,17.69,16.81,17.23,17.27,0.28,1.6213,1.2678,21753274,373521696.19
2014-05-06,'000333,美的集团,17.15,17.6,17.05,17.4,17.55,-0.4,-2.2792,0.9506,16311170,282295298.61
2014-05-07,'000333,美的集团,16.7,17.06,16.68,17.05,17.15,-0.45,-2.6239,1.1469,19678369,331937448.27
2014-05-08,'000333,美的集团,16.84,17.2,16.51,16.68,16.7,0.14,0.8383,1.0596,18181371,307329061.8
2014-05-09,'000333,美的集团,17.13,17.19,16.67,16.8,16.84,0.29,1.7221,0.9199,15784010,267805018.45
2014-05-12,'000333,美的集团,0,0,0,0,17.13,None,None,0,0,0
2014-05-13,'000333,美的集团,17.2,17.6,17.12,17.34,17.13,0.07,0.4086,1.0152,17418500,302106722.6
2014-05-14,'000333,美的集团,17.28,17.41,17.04,17.15,17.2,0.08,0.4651,0.6593,11312073,194726035.64
2014-05-15,'000333,美的集团,17.01,17.21,16.93,17.11,17.28,-0.27,-1.5625,0.8583,14727148,251184079.14
2014-05-16,'000333,美的集团,17.1,17.15,16.91,16.95,17.01,0.09,0.5291,0.452,7755588,131990810.08
2014-05-19,'000333,美的集团,16.61,16.95,16.51,16.8,17.1,-0.49,-2.8655,0.7945,13631941,226902020.16
2014-05-20,'000333,美的集团,16.59,16.98,16.42,16.75,16.61,-0.02,-0.1204,0.5939,10190460,169399523.46
2014-05-21,'000333,美的集团,16.57,16.64,16.31,16.47,16.59,-0.02,-0.1206,0.4678,8026694,132486374.38
2014-05-22,'000333,美的集团,16.76,16.98,16.54,16.58,16.57,0.19,1.1467,0.7649,13124680,220767318.77
2014-05-23,'000333,美的集团,16.9,16.98,16.71,16.72,16.76,0.14,0.8353,0.3711,6367841,107501562.17
2014-05-26,'000333,美的集团,17,17.21,16.82,16.99,16.9,0.1,0.5917,0.6443,11055121,188275442.88
2014-05-27,'000333,美的集团,16.94,17.13,16.91,17.03,17,-0.06,-0.3529,0.5111,8770007,149169475.15
2014-05-28,'000333,美的集团,17.33,17.41,16.8,16.94,16.94,0.39,2.3022,1.0653,18277634,313602043.46
2014-05-29,'000333,美的集团,17.32,17.59,17.26,17.26,17.33,-0.01,-0.0577,0.8057,13825024,241014497.83
2014-05-30,'000333,美的集团,17.42,17.55,17.32,17.33,17.32,0.1,0.5774,0.6362,10916008,190497324.06
2014-06-03,'000333,美的集团,17.63,17.85,17.46,17.47,17.42,0.21,1.2055,0.6988,11990267,212061210.03
2014-06-04,'000333,美的集团,17.32,17.69,17.2,17.66,17.63,-0.31,-1.7584,0.5402,9268427,161046973.98
2014-06-05,'000333,美的集团,17.49,17.59,17.19,17.31,17.32,0.17,0.9815,0.5156,8846945,154040849.7
2014-06-06,'000333,美的集团,17.5,17.68,17.39,17.48,17.49,0.01,0.0572,0.4526,7765464,136259803.41
2014-06-09,'000333,美的集团,17.57,17.85,17.38,17.66,17.5,0.07,0.4,0.6496,11145844,196866694.91
2014-06-10,'000333,美的集团,18.26,18.37,17.62,17.62,17.57,0.69,3.9271,1.9271,33065042,596238078.58
2014-06-11,'000333,美的集团,18.34,18.41,18.03,18.2,18.26,0.08,0.4381,1.1211,19235725,351856685.83
2014-06-12,'000333,美的集团,18.43,18.56,18.12,18.3,18.34,0.09,0.4907,1.1058,18973154,349885765.67
2014-06-13,'000333,美的集团,19.07,19.29,18.5,18.5,18.43,0.64,3.4726,1.7183,29482903,561738413.48
2014-06-16,'000333,美的集团,19.09,19.27,18.88,19.08,19.07,0.02,0.1049,1.3046,22383940,427953886.9
2014-06-17,'000333,美的集团,18.53,19.09,18.45,19.09,19.09,-0.56,-2.9335,1.2839,22029781,412162271.47
2014-06-18,'000333,美的集团,18.33,18.65,18.21,18.5,18.53,-0.2,-1.0793,0.7457,12794076,235716471.46
2014-06-19,'000333,美的集团,18.48,18.54,18.07,18.33,18.33,0.15,0.8183,0.8837,15163221,277827104.79
2014-06-20,'000333,美的集团,18.37,18.5,18.21,18.4,18.48,-0.11,-0.5952,0.8355,14334880,263139553.1
2014-06-23,'000333,美的集团,18,18.47,17.98,18.43,18.37,-0.37,-2.0142,1.0984,18846585,342704678.02
2014-06-24,'000333,美的集团,18.27,18.32,17.82,18.03,18,0.27,1.5,0.6679,11460184,207800633.11
2014-06-25,'000333,美的集团,18.28,18.32,18.01,18.29,18.27,0.01,0.0547,0.6454,11074109,201384014.57
2014-06-26,'000333,美的集团,18.67,18.76,18.2,18.28,18.28,0.39,2.1335,0.7413,12718902,236114254.29
2014-06-27,'000333,美的集团,19.2,19.26,18.61,18.68,18.67,0.53,2.8388,1.3242,22721156,433543072.03
2014-06-30,'000333,美的集团,19.32,19.76,19.16,19.21,19.2,0.12,0.625,1.2762,21897483,425902575.3
2014-07-01,'000333,美的集团,18.89,19.29,18.77,19.29,19.32,-0.43,-2.2257,1.1925,20460096,387643363.69
2014-07-02,'000333,美的集团,19.3,19.38,18.9,18.91,18.89,0.41,2.1705,1.1971,20539917,394569567.99
2014-07-03,'000333,美的集团,19.56,19.77,19.15,19.19,19.3,0.26,1.3472,1.0895,18693234,366741342.02
2014-07-04,'000333,美的集团,19.56,19.65,19.32,19.53,19.56,0,0,0.6508,11167221,217746171.7
2014-07-07,'000333,美的集团,19.22,19.56,19.1,19.56,19.56,-0.34,-1.7382,0.7194,12343791,237354955.36
2014-07-08,'000333,美的集团,19.37,19.39,18.87,19.22,19.22,0.15,0.7804,0.8567,14699808,280774721.09
2014-07-09,'000333,美的集团,18.99,19.31,18.85,19.3,19.37,-0.38,-1.9618,0.6864,11777864,224093022.14
2014-07-10,'000333,美的集团,18.85,19.07,18.83,18.93,18.99,-0.14,-0.7372,0.535,9179462,173468301.27
2014-07-11,'000333,美的集团,19,19.06,18.66,18.81,18.85,0.15,0.7958,0.8142,13970186,264004198.49
2014-07-14,'000333,美的集团,19.11,19.13,18.7,18.99,19,0.11,0.5789,0.803,13777834,259984664.13
2014-07-15,'000333,美的集团,19.3,19.6,19.18,19.31,19.11,0.19,0.9942,1.0123,17368896,336158628.18
2014-07-16,'000333,美的集团,19.02,19.36,18.91,19.36,19.3,-0.28,-1.4508,0.6033,10351296,197410327.88
2014-07-17,'000333,美的集团,19.01,19.15,18.9,19.02,19.02,-0.01,-0.0526,0.4372,7502005,142503922.64
2014-07-18,'000333,美的集团,19.26,19.3,18.8,18.9,19.01,0.25,1.3151,0.7587,13017917,249317180.56
2014-07-21,'000333,美的集团,19.22,19.48,19.16,19.21,19.26,-0.04,-0.2077,0.6366,10922202,211067008.84
2014-07-22,'000333,美的集团,19.31,19.56,19.13,19.14,19.22,0.09,0.4683,0.8601,14758162,286586784.49
2014-07-23,'000333,美的集团,19.36,19.48,19.13,19.31,19.31,0.05,0.2589,0.7097,12177776,234917262.36
2014-07-24,'000333,美的集团,20.1,20.15,19.35,19.36,19.36,0.74,3.8223,1.9632,33685363,667305293.63
2014-07-25,'000333,美的集团,20.2,20.35,19.91,20.15,20.1,0.1,0.4975,1.2167,20875503,420956575.1
2014-07-28,'000333,美的集团,21.03,21.1,20.25,20.35,20.2,0.83,4.1089,1.7451,29942430,621315114.26
2014-07-29,'000333,美的集团,20.91,21.44,20.8,21.1,21.03,-0.12,-0.5706,1.3485,23137218,487003202.81
2014-07-30,'000333,美的集团,20.76,21.19,20.64,20.86,20.91,-0.15,-0.7174,0.9751,16730802,348585469.18
2014-07-31,'000333,美的集团,21.38,21.4,20.68,20.76,20.76,0.62,2.9865,1.0123,17369542,366621470.36
2014-08-01,'000333,美的集团,21.46,22,21.21,21.31,21.38,0.08,0.3742,1.2107,20773805,448924339.55
2014-08-04,'000333,美的集团,21.93,21.95,21.46,21.46,21.46,0.47,2.1901,0.9922,17023942,369586025.1
2014-08-05,'000333,美的集团,21.75,22.18,21.61,21.92,21.93,-0.18,-0.8208,1.1811,20265131,442545593.41
2014-08-06,'000333,美的集团,21.3,21.64,21.08,21.62,21.75,-0.45,-2.069,1.3337,22883444,486200008.96
2014-08-07,'000333,美的集团,20.92,21.5,20.86,21.29,21.3,-0.38,-1.784,1.4004,24027691,507362134.3
2014-08-08,'000333,美的集团,21.21,21.3,20.9,20.9,20.92,0.29,1.3862,0.8184,14042749,296334501.17
2014-08-11,'000333,美的集团,21.3,21.37,21.08,21.2,21.21,0.09,0.4243,0.8285,14215701,301969127.78
2014-08-12,'000333,美的集团,21,21.26,20.92,21.26,21.3,-0.3,-1.4085,1.2142,20833584,437355886.1
2014-08-13,'000333,美的集团,21.08,21.2,20.92,20.96,21,0.08,0.381,0.8192,14055961,295815854.26
2014-08-14,'000333,美的集团,21.04,21.26,20.87,21.1,21.08,-0.04,-0.1898,0.7164,12292236,258775053.61
2014-08-15,'000333,美的集团,21.15,21.22,20.95,21.05,21.04,0.11,0.5228,0.7281,12492294,263661234.21
2014-08-18,'000333,美的集团,21.53,21.61,21.22,21.22,21.15,0.38,1.7967,0.8851,15187348,325124307.27
2014-08-19,'000333,美的集团,21.9,22.29,21.8,21.99,21.53,0.37,1.7185,1.7337,29747331,655245317.58
2014-08-20,'000333,美的集团,21.92,22.03,21.66,21.92,21.9,0.02,0.0913,0.8948,15353391,335355816.62
2014-08-21,'000333,美的集团,21.85,21.88,21.48,21.84,21.92,-0.07,-0.3193,1.0338,17737408,384433044.56
2014-08-22,'000333,美的集团,22.66,22.8,21.78,21.85,21.85,0.81,3.7071,1.6462,28246001,633692152.1
2014-08-25,'000333,美的集团,22.38,22.74,22.3,22.7,22.66,-0.28,-1.2357,0.8395,14404026,323359400.39
2014-08-26,'000333,美的集团,21.9,22.34,21.69,22.3,22.38,-0.48,-2.1448,1.0219,17533485,385078036.61
2014-08-27,'000333,美的集团,22.11,22.21,21.83,21.89,21.9,0.21,0.9589,0.5914,10147588,223814796.92
2014-08-28,'000333,美的集团,21.8,22.15,21.76,22.12,22.11,-0.31,-1.4021,0.7522,12905541,282559115.48
2014-08-29,'000333,美的集团,22,22.1,21.78,21.82,21.8,0.2,0.9174,0.3983,6834499,149869235.44
2014-09-01,'000333,美的集团,22.22,22.3,21.81,21.99,22,0.22,1,0.6271,10760479,238085734.94
2014-09-02,'000333,美的集团,22.36,22.44,22.15,22.26,22.22,0.14,0.6301,1.0732,18414539,410640975.68
2014-09-03,'000333,美的集团,22.31,22.54,22.16,22.38,22.36,-0.05,-0.2236,1.23,21104512,470988385.49
2014-09-04,'000333,美的集团,22.03,22.26,21.92,22.25,22.31,-0.28,-1.255,1.6986,29144131,641314572.12
2014-09-05,'000333,美的集团,22.25,22.26,22,22.04,22.03,0.22,0.9986,1.218,20898472,462841190.61
2014-09-09,'000333,美的集团,21.97,22.32,21.9,22.26,22.25,-0.28,-1.2584,1.0303,17677094,388660858
2014-09-10,'000333,美的集团,21.58,21.9,21.53,21.9,21.97,-0.39,-1.7751,1.4326,24581210,532903619.31
2014-09-11,'000333,美的集团,21.45,21.88,21.38,21.58,21.58,-0.13,-0.6024,1.558,26731446,576701517
2014-09-12,'000333,美的集团,21.59,21.63,21.38,21.42,21.45,0.14,0.6527,0.7706,13222471,283989719.15
2014-09-15,'000333,美的集团,21.05,21.44,20.78,21.44,21.59,-0.54,-2.5012,1.8731,32137879,675610263.37
2014-09-16,'000333,美的集团,20.74,21.16,20.73,21,21.05,-0.31,-1.4727,1.173,20126228,420711908.56
2014-09-17,'000333,美的集团,20.9,20.99,20.7,20.99,20.74,0.16,0.7715,0.6859,11769439,244946399.99
2014-09-18,'000333,美的集团,20.98,21.19,20.72,20.8,20.9,0.08,0.3828,0.7257,16288029,341002428.67
2014-09-19,'000333,美的集团,20.81,21.02,20.41,21,20.98,-0.17,-0.8103,0.7859,17639032,365997063.87
2014-09-22,'000333,美的集团,20.25,20.75,20.21,20.75,20.81,-0.56,-2.691,1.0727,24076496,490006703.6
2014-09-23,'000333,美的集团,20.4,20.45,20.11,20.2,20.25,0.15,0.7407,0.7069,15866232,322241063.37
2014-09-24,'000333,美的集团,20.7,20.75,20.25,20.4,20.4,0.3,1.4706,0.9658,21678315,444010472.62
2014-09-25,'000333,美的集团,20.77,21.05,20.71,20.76,20.7,0.07,0.3382,0.8545,19178809,399710658.48
2014-09-26,'000333,美的集团,20.54,20.73,20.41,20.7,20.77,-0.23,-1.1074,0.5908,13260025,272262231.24
2014-09-29,'000333,美的集团,19.81,20.44,19.71,20.38,20.54,-0.73,-3.554,2.5997,58352873,1160256317.46
2014-09-30,'000333,美的集团,19.89,19.95,19.72,19.82,19.81,0.08,0.4038,0.8922,20026996,396879604.48
2014-10-08,'000333,美的集团,20.29,20.29,19.91,19.94,19.89,0.4,2.0111,1.0778,24190755,486573194.72
2014-10-09,'000333,美的集团,20.23,20.47,20.13,20.33,20.29,-0.06,-0.2957,0.823,18472230,374680742.36
2014-10-10,'000333,美的集团,20.05,20.26,20.01,20.15,20.23,-0.18,-0.8898,0.7911,17755804,356663706.2
2014-10-13,'000333,美的集团,19.92,19.97,19.6,19.95,20.05,-0.13,-0.6484,0.8079,18133261,358653781.17
2014-10-14,'000333,美的集团,19.87,19.96,19.75,19.87,19.92,-0.05,-0.251,0.6111,13716955,272146619.9
2014-10-15,'000333,美的集团,20.12,20.18,19.82,19.83,19.87,0.25,1.2582,0.8605,19314527,386898542.47
2014-10-16,'000333,美的集团,20.24,20.43,19.91,20,20.12,0.12,0.5964,1.2148,27265863,551678011.41
2014-10-17,'000333,美的集团,20.41,20.5,20.07,20.3,20.24,0.17,0.8399,1.0837,24324812,493682766.86
2014-10-20,'000333,美的集团,20.44,20.77,20.33,20.56,20.41,0.03,0.147,0.8133,18254209,374414884.52
2014-10-21,'000333,美的集团,20.16,20.52,20.14,20.4,20.44,-0.28,-1.3699,0.6343,14236804,289347102.19
2014-10-22,'000333,美的集团,20.41,20.5,20.11,20.16,20.16,0.25,1.2401,0.6774,15204845,309262009.39
2014-10-23,'000333,美的集团,20.29,20.67,20.23,20.42,20.41,-0.12,-0.5879,0.826,18539980,379641897.38
2014-10-24,'000333,美的集团,20.01,20.35,19.7,20.35,20.29,-0.28,-1.38,0.9694,21758729,433891576.23
2014-10-27,'000333,美的集团,19.56,19.85,19.4,19.85,20.01,-0.45,-2.2489,0.7775,17452485,341714599.75
2014-10-28,'000333,美的集团,19.85,19.88,19.59,19.6,19.56,0.29,1.4826,0.6369,14295847,282236245.64
2014-10-29,'000333,美的集团,20.44,20.5,19.77,19.95,19.85,0.59,2.9723,1.2553,28175976,566019856.77
2014-10-30,'000333,美的集团,20.14,20.54,20.09,20.46,20.44,-0.3,-1.4677,0.9989,22421591,454077103.82
2014-10-31,'000333,美的集团,20.9,20.96,20.15,20.15,20.14,0.76,3.7736,2.2615,50759890,1048196516.8
2014-11-03,'000333,美的集团,20.82,21.05,20.76,20.9,20.9,-0.08,-0.3828,1.1256,25264040,527023762.68
2014-11-04,'000333,美的集团,20.65,20.81,20.46,20.81,20.82,-0.17,-0.8165,0.982,22041243,454300499.5
2014-11-05,'000333,美的集团,20.59,20.94,20.52,20.6,20.65,-0.06,-0.2906,0.7254,16282627,337430366.01
2014-11-06,'000333,美的集团,20.23,20.74,20.08,20.6,20.59,-0.36,-1.7484,1.2586,28249464,572173115.44
2014-11-07,'000333,美的集团,20.71,20.71,20.18,20.25,20.23,0.48,2.3727,1.809,40603869,832550920.93
2014-11-10,'000333,美的集团,21.7,21.72,20.61,20.81,20.71,0.99,4.7803,2.4688,55412709,1186099728.99
2014-11-11,'000333,美的集团,21.85,21.99,21.33,21.76,21.7,0.15,0.6912,2.6741,60022711,1307188977.24
2014-11-12,'000333,美的集团,22.21,22.48,21.61,21.86,21.85,0.36,1.6476,1.5645,35115726,777630477.57
2014-11-13,'000333,美的集团,22.27,22.46,21.7,22.2,22.21,0.06,0.2701,1.672,37529036,830110412.88
2014-11-14,'000333,美的集团,22.15,22.45,21.99,22.15,22.27,-0.12,-0.5388,1.1885,26676138,591775906.05
2014-11-17,'000333,美的集团,21.99,22.38,21.76,22.14,22.15,-0.16,-0.7223,1.3632,30596965,673208357.33
2014-11-18,'000333,美的集团,21.41,21.97,21.24,21.86,21.99,-0.58,-2.6376,1.0461,23480725,505901085.65
2014-11-19,'000333,美的集团,21.4,21.54,21.23,21.33,21.41,-0.01,-0.0467,0.5248,11780515,252146961.15
2014-11-20,'000333,美的集团,21.35,21.38,21.13,21.3,21.4,-0.05,-0.2336,0.4926,11055839,234770857.68
2014-11-21,'000333,美的集团,21.8,21.98,21.25,21.3,21.35,0.45,2.1077,0.7112,15963612,345562948.14
2014-11-24,'000333,美的集团,22.12,22.53,21.88,22.5,21.8,0.32,1.4679,1.4981,33626687,746108837.26
2014-11-25,'000333,美的集团,22.28,22.3,21.82,22.12,22.12,0.16,0.7233,1.2032,27006818,594468846.33
2014-11-26,'000333,美的集团,22.4,22.5,22,22.29,22.28,0.12,0.5386,1.3673,30689736,681911284.71
2014-11-27,'000333,美的集团,22.25,22.55,22.1,22.41,22.4,-0.15,-0.6696,1.4537,32629918,727138505.93
2014-11-28,'000333,美的集团,22.11,22.27,21.66,22.2,22.25,-0.14,-0.6292,1.4199,31871006,697570765.46
2014-12-01,'000333,美的集团,23.35,23.86,22.06,22.1,22.11,1.24,5.6083,2.6935,60456065,1409387373.21
2014-12-02,'000333,美的集团,24.53,24.84,23.06,23.33,23.35,1.18,5.0535,2.6164,58727638,1415482586.48
2014-12-03,'000333,美的集团,25.2,26.54,24.31,24.83,24.53,0.67,2.7313,3.6397,81694968,2085027874.38
2014-12-04,'000333,美的集团,25.65,26.07,24.73,25.57,25.2,0.45,1.7857,2.0333,45637574,1160537838.52
2014-12-05,'000333,美的集团,24.7,26,24.1,25.95,25.65,-0.95,-3.7037,2.644,59345292,1480129293.5
2014-12-08,'000333,美的集团,0,0,0,0,24.7,None,None,0,0,0
2014-12-09,'000333,美的集团,0,0,0,0,24.7,None,None,0,0,0
2014-12-10,'000333,美的集团,0,0,0,0,24.7,None,None,0,0,0
2014-12-11,'000333,美的集团,0,0,0,0,24.7,None,None,0,0,0
2014-12-12,'000333,美的集团,0,0,0,0,24.7,None,None,0,0,0
2014-12-15,'000333,美的集团,26.18,27.17,25.9,27.17,24.7,1.48,5.9919,6.0919,136735990,3634176799.43
2014-12-16,'000333,美的集团,25.86,26.48,25.51,26.3,26.18,-0.32,-1.2223,2.4212,54345660,1405624654.28
2014-12-17,'000333,美的集团,25.47,25.85,25.02,25.78,25.86,-0.39,-1.5081,2.0218,45381095,1153433614.02
2014-12-18,'000333,美的集团,27.9,28,25.4,25.47,25.47,2.43,9.5406,3.5408,79474729,2153946495.16
2014-12-19,'000333,美的集团,27.63,28.38,27.32,27.89,27.9,-0.27,-0.9677,2.203,49447512,1374486987.77
2014-12-22,'000333,美的集团,27.85,28.39,26.73,27.39,27.63,0.22,0.7962,2.1452,48149718,1320646199.16
2014-12-23,'000333,美的集团,28.35,30,27.3,27.68,27.85,0.5,1.7953,3.0421,68282305,1978414048.15
2014-12-24,'000333,美的集团,27.66,28.73,27.47,28.46,28.35,-0.69,-2.4339,1.8432,41371957,1156965622.72
2014-12-25,'000333,美的集团,27.68,28.55,27,27.75,27.66,0.02,0.0723,1.7408,39073180,1083890759.7
2014-12-26,'000333,美的集团,28.33,28.69,27.12,27.8,27.68,0.65,2.3483,1.8728,42035900,1168808573.24
2014-12-29,'000333,美的集团,27.64,29.3,27.3,28.4,28.33,-0.69,-2.4356,1.8642,41842144,1175422396.53
2014-12-30,'000333,美的集团,26.84,27.72,26.51,27.7,27.64,-0.8,-2.8944,1.8047,40508324,1094935805.66
2014-12-31,'000333,美的集团,27.44,27.5,26.7,26.84,26.84,0.6,2.2355,1.551,34814204,946378226.69
2015-01-05,'000333,美的集团,29.88,30.1,27.88,27.88,27.44,2.44,8.8921,4.3398,97408991,2869142868.29
2015-01-06,'000333,美的集团,31.71,32.49,29.46,29.86,29.88,1.83,6.1245,3.8817,87127770,2743939032.2
2015-01-07,'000333,美的集团,31.65,32.33,30.92,31.72,31.71,-0.06,-0.1892,1.6407,36827428,1158683570
2015-01-08,'000333,美的集团,32.1,32.76,30.9,31.46,31.65,0.45,1.4218,2.3665,53117488,1697994859.48
2015-01-09,'000333,美的集团,31.11,32.8,31.09,31.97,32.1,-0.99,-3.0841,1.9299,43316849,1390729209.31
2015-01-12,'000333,美的集团,32.02,32.65,30.5,31.08,31.11,0.91,2.9251,1.9524,43823471,1396137821.18
2015-01-13,'000333,美的集团,33.2,33.48,31.51,32.01,32.02,1.18,3.6852,2.0305,45576502,1491650105.08
2015-01-14,'000333,美的集团,31.88,33.4,31.4,33.39,33.2,-1.32,-3.9759,1.6274,36526991,1177626008.76
2015-01-15,'000333,美的集团,32.05,32.45,31.05,31.85,31.88,0.17,0.5332,1.3768,30902757,978807926.93
2015-01-16,'000333,美的集团,31.48,32.05,31.15,32,32.05,-0.57,-1.7785,1.6856,37834397,1188067588.57
2015-01-19,'000333,美的集团,29.47,31,28.33,30,31.48,-2.01,-6.385,2.757,61883378,1831044778.19
2015-01-20,'000333,美的集团,30.5,30.87,29.48,29.51,29.47,1.03,3.4951,1.9841,44534828,1341859259.44
2015-01-21,'000333,美的集团,31.18,31.42,30.09,30.56,30.5,0.68,2.2295,1.7141,38473000,1182623437.19
2015-01-22,'000333,美的集团,30.86,31.38,30.5,31.19,31.18,-0.32,-1.0263,1.1631,26107290,806314048.18
2015-01-23,'000333,美的集团,30.5,31.28,30.31,30.89,30.86,-0.36,-1.1666,1.1972,26872719,822756786.43
2015-01-26,'000333,美的集团,30.8,31.09,30.54,30.8,30.5,0.3,0.9836,1.0924,24519211,755111194.5
2015-01-27,'000333,美的集团,30.85,31.3,30.25,31.02,30.8,0.05,0.1623,1.5928,35751833,1102678183.05
2015-01-28,'000333,美的集团,30.38,30.81,30.06,30.45,30.85,-0.47,-1.5235,1.0086,22639316,688043452.12
2015-01-29,'000333,美的集团,29.9,30.3,29.6,29.63,30.38,-0.48,-1.58,1.0663,23934492,714512247.6
2015-01-30,'000333,美的集团,30.03,30.9,29.95,29.96,29.9,0.13,0.4348,1.1618,26077875,794075675.47
2015-02-02,'000333,美的集团,28.89,29.94,28.88,29.5,30.03,-1.14,-3.7962,1.0362,23259089,681058826.44
2015-02-03,'000333,美的集团,29.37,29.5,29,29.46,28.89,0.48,1.6615,0.799,17933455,524301375.18
2015-02-04,'000333,美的集团,29.31,30.27,29.3,29.76,29.37,-0.06,-0.2043,0.9325,20930397,624896147.24
2015-02-05,'000333,美的集团,29,30.49,29,30,29.31,-0.31,-1.0577,1.3164,29547882,881037150.51
2015-02-06,'000333,美的集团,29.11,29.73,28.51,29.01,29,0.11,0.3793,0.6969,15643109,456274575.16
2015-02-09,'000333,美的集团,29.56,29.99,29.01,29.18,29.11,0.45,1.5459,0.8021,18004002,531394693.65
2015-02-10,'000333,美的集团,30.45,30.58,29.7,29.9,29.56,0.89,3.0108,1.0545,23668571,716106939.34
2015-02-11,'000333,美的集团,30.37,30.8,30.22,30.8,30.45,-0.08,-0.2627,0.718,16115712,491666594.76
2015-02-12,'000333,美的集团,30.39,30.76,30.16,30.5,30.37,0.02,0.0659,0.6,13467539,409651061.45
2015-02-13,'000333,美的集团,30.33,30.76,30.14,30.51,30.39,-0.06,-0.1974,1.0219,22937091,697578080.99
2015-02-16,'000333,美的集团,30.18,30.5,30,30.44,30.33,-0.15,-0.4946,0.8699,19525981,589191996.42
2015-02-17,'000333,美的集团,31.59,31.84,30.1,30.3,30.18,1.41,4.672,1.7085,38347961,1197468853.47
2015-02-25,'000333,美的集团,31.79,32.35,31.3,31.9,31.59,0.2,0.6331,1.6366,36733475,1169279084.88
2015-02-26,'000333,美的集团,31.75,31.79,31.12,31.66,31.79,-0.04,-0.1258,0.8324,18684346,588438218.95
2015-02-27,'000333,美的集团,31.46,31.98,31.19,31.7,31.75,-0.29,-0.9134,0.8883,19939362,628723850.05
2015-03-02,'000333,美的集团,31.46,31.83,31.14,31.54,31.46,0,0,1.1752,26377669,829426908.83
2015-03-03,'000333,美的集团,30.34,31.52,30.3,31.17,31.46,-1.12,-3.5601,1.2656,28407783,876160823.86
2015-03-04,'000333,美的集团,30.8,31.14,30.15,30.3,30.34,0.46,1.5162,1.0956,24591449,754765670.65
2015-03-05,'000333,美的集团,29.7,30.49,29.5,30.2,30.8,-1.1,-3.5714,1.5464,34709544,1034165923.87
2015-03-06,'000333,美的集团,29.42,29.95,29.2,29.75,29.7,-0.28,-0.9428,0.9542,21417572,631626261.54
2015-03-09,'000333,美的集团,29.98,30,28.8,29,29.42,0.56,1.9035,1.1457,25717020,754379062.21
2015-03-10,'000333,美的集团,29.81,30.33,29.66,29.85,29.98,-0.17,-0.567,0.8453,18973677,567670946.39
2015-03-11,'000333,美的集团,30.97,30.97,29.81,29.82,29.81,1.16,3.8913,1.4279,32050462,984717488.71
2015-03-12,'000333,美的集团,30.68,31.38,30.66,31.32,30.97,-0.29,-0.9364,0.9032,20273051,626647856.82
2015-03-13,'000333,美的集团,31,31.5,30.6,30.69,30.68,0.32,1.043,0.8778,19703512,610843504.87
2015-03-16,'000333,美的集团,31.5,31.6,30.7,31.2,31,0.5,1.6129,1.0819,24284228,759688512.23
2015-03-17,'000333,美的集团,31.47,31.78,31.2,31.75,31.5,-0.03,-0.0952,1.297,29110958,914548646.85
2015-03-18,'000333,美的集团,31.99,32,31.32,31.7,31.47,0.52,1.6524,1.692,37977215,1202635555.55
2015-03-19,'000333,美的集团,32,32.68,31.69,32.18,31.99,0.01,0.0313,1.5269,34273180,1097843455.72
2015-03-20,'000333,美的集团,31.51,32.3,31.46,31.86,32,-0.49,-1.5313,1.4044,31521775,997473400.79
2015-03-23,'000333,美的集团,32.21,32.57,31.6,31.81,31.51,0.7,2.2215,1.4238,31957728,1027188084.78
2015-03-24,'000333,美的集团,32.09,32.78,31.53,32.61,32.21,-0.12,-0.3726,1.746,39188921,1251489002.46
2015-03-25,'000333,美的集团,31.54,31.83,31.4,31.6,32.09,-0.55,-1.7139,1.263,28349878,894341731.65
2015-03-26,'000333,美的集团,0,0,0,0,31.54,None,None,0,0,0
2015-03-27,'000333,美的集团,0,0,0,0,31.54,None,None,0,0,0
2015-03-30,'000333,美的集团,0,0,0,0,31.54,None,None,0,0,0
2015-03-31,'000333,美的集团,32.95,34.69,32.51,34.69,31.54,1.41,4.4705,3.3682,75600452,2544112366.4
2015-04-01,'000333,美的集团,34.18,34.5,32.7,32.99,32.95,1.23,3.7329,2.1332,47880133,1625659207.8
2015-04-02,'000333,美的集团,34.24,34.68,33.43,34.57,34.18,0.06,0.1755,1.819,40829397,1388517375.88
2015-04-03,'000333,美的集团,33.88,34.13,33.45,34.13,34.24,-0.36,-1.0514,1.6402,36814454,1241541730.68
2015-04-07,'000333,美的集团,34.15,34.89,33.72,34.31,33.88,0.27,0.7969,2.1792,48914359,1669415851.23
2015-04-08,'000333,美的集团,33.91,34.28,33.31,34.25,34.15,-0.24,-0.7028,1.6646,37363989,1263790170.06
2015-04-09,'000333,美的集团,32.88,33.95,32.53,33.91,33.91,-1.03,-3.0375,1.8157,40755073,1347286956.39
2015-04-10,'000333,美的集团,33.52,33.6,32.42,32.42,32.88,0.64,1.9465,1.5781,35420757,1173751441.78
2015-04-13,'000333,美的集团,33,34.25,32.8,33.7,33.52,-0.52,-1.5513,3.2115,72082948,2402703012.43
2015-04-14,'000333,美的集团,33.21,33.45,32.64,32.98,33,0.21,0.6364,1.9083,42832251,1414253611.08
2015-04-15,'000333,美的集团,32.03,33.15,32.03,33.15,33.21,-1.18,-3.5531,1.8651,41864167,1364833344.69
2015-04-16,'000333,美的集团,33.4,33.4,31.86,32.03,32.03,1.37,4.2772,1.8988,42619132,1403986913.53
2015-04-17,'000333,美的集团,35.78,36.5,33.68,34.15,33.4,2.38,7.1257,3.4919,78378234,2753413393.96
2015-04-20,'000333,美的集团,35.1,36.49,34.63,35.7,35.78,-0.68,-1.9005,2.5605,57472197,2037619460.93
2015-04-21,'000333,美的集团,37,37.15,35.18,35.49,35.1,1.9,5.4131,2.5453,57130309,2084685386.38
2015-04-22,'000333,美的集团,37.01,38.88,37,37.7,37,0.01,0.027,2.4693,55425353,2090318125.4
2015-04-23,'000333,美的集团,36.53,37.49,36.17,37.05,37.01,-0.48,-1.2969,1.6434,36886226,1348921183.92
2015-04-24,'000333,美的集团,36.2,36.97,35.8,36.25,36.53,-0.33,-0.9034,1.5062,33808178,1226160170.04
2015-04-27,'000333,美的集团,36.58,37.44,36.16,36.6,36.2,0.38,1.0497,1.4956,33569165,1229272896.22
2015-04-28,'000333,美的集团,37.37,38.88,36.75,37.48,36.58,0.79,2.1597,3.6182,81213187,3077442714.7
2015-04-29,'000333,美的集团,37.45,38.37,37.27,37.82,37.37,0.08,0.2141,2.0581,46196056,1737329723.7
2015-04-30,'000333,美的集团,36.97,37.66,36,36.28,36.45,0.52,1.4266,2.4241,54409365,2013059397.75
2015-05-04,'000333,美的集团,36.08,36.96,35.9,36.95,36.97,-0.89,-2.4074,1.6682,37443021,1354295623.51
2015-05-05,'000333,美的集团,34.09,35.98,33.87,35.9,36.08,-1.99,-5.5155,1.8613,41778503,1448340874.74
2015-05-06,'000333,美的集团,34.13,34.93,33.91,34.8,34.09,0.04,0.1173,1.5787,35435003,1220652188.99
2015-05-07,'000333,美的集团,34.88,35.13,33.72,34,34.13,0.75,2.1975,1.2707,28520621,982493596.29
2015-05-08,'000333,美的集团,35.2,35.86,34.75,35.5,34.88,0.32,0.9174,1.5589,34991257,1233945865.03
2015-05-11,'000333,美的集团,35.65,35.65,34.58,35.1,35.2,0.45,1.2784,1.798,40356486,1418239407.14
2015-05-12,'000333,美的集团,35.46,36.18,35.1,35.7,35.65,-0.19,-0.533,1.4384,32285610,1144930460.46
2015-05-13,'000333,美的集团,35.9,36.5,35.2,35.55,35.46,0.44,1.2408,1.7255,38728922,1388811795.3
2015-05-14,'000333,美的集团,35.41,36.15,35.25,35.77,35.9,-0.49,-1.3649,1.0458,23474537,835156553.91
2015-05-15,'000333,美的集团,34.2,35.29,33.96,35.25,35.41,-1.21,-3.4171,1.2016,26969868,927394552.89
2015-05-18,'000333,美的集团,33.21,34,33.13,34,34.2,-0.99,-2.8947,1.371,30773506,1028329366.89
2015-05-19,'000333,美的集团,34.83,35,33.3,33.33,33.21,1.62,4.878,1.5825,35521083,1217427334.7
2015-05-20,'000333,美的集团,35.84,36.56,35.22,35.6,34.83,1.01,2.8998,2.1771,48865405,1757078678.29
2015-05-21,'000333,美的集团,38.1,38.48,36.48,36.48,35.84,2.26,6.3058,2.221,49851521,1877053024.98
2015-05-22,'000333,美的集团,38.12,38.55,37.02,38.3,38.1,0.02,0.0525,1.5888,35661092,1349015805.35
2015-05-25,'000333,美的集团,38.58,38.84,37.5,38.15,38.12,0.46,1.2067,1.6907,37949597,1454409539.1
2015-05-26,'000333,美的集团,40.58,41.49,38.56,38.58,38.58,2,5.184,2.2132,49675847,2002994871.22
2015-05-27,'000333,美的集团,39.63,41.07,39.39,40.6,40.58,-0.95,-2.3411,1.5137,33975049,1357280851.07
2015-05-28,'000333,美的集团,36.84,40,36.8,39.63,39.63,-2.79,-7.0401,1.7481,39237335,1510353317.06
2015-05-29,'000333,美的集团,37,37.5,35.3,36.85,36.84,0.16,0.4343,1.9022,42695899,1568373515.14
2015-06-01,'000333,美的集团,38.4,38.5,36.98,37.11,37,1.4,3.7838,1.549,34768076,1322991780.05
2015-06-02,'000333,美的集团,38.44,38.6,37.4,38.41,38.4,0.04,0.1042,1.6404,36818747,1398865619.28
2015-06-03,'000333,美的集团,39.1,39.6,38.34,38.45,38.44,0.66,1.717,1.8455,41423504,1614196091.94
2015-06-04,'000333,美的集团,38.03,39,35.24,39,39.1,-1.07,-2.7366,1.6223,36413101,1358142395.43
2015-06-05,'000333,美的集团,37.68,38.98,36.95,38.26,38.03,-0.35,-0.9203,2.0381,45745356,1742067814.4
2015-06-08,'000333,美的集团,39.37,39.48,37.2,37.72,37.68,1.69,4.4851,2.8119,63114809,2440146582.45
2015-06-09,'000333,美的集团,38.62,39.82,38.2,39.4,39.37,-0.75,-1.905,1.8538,41610362,1627174955.68
2015-06-10,'000333,美的集团,38.77,39.38,37.8,38.11,38.62,0.15,0.3884,1.4729,33060813,1279451908.61
2015-06-11,'000333,美的集团,38.08,39.26,37.71,38.77,38.77,-0.69,-1.7797,1.3556,30427905,1164746121.69
2015-06-12,'000333,美的集团,37.87,38.69,37.55,38.08,38.08,-0.21,-0.5515,1.6273,36525158,1388734977.88
2015-06-15,'000333,美的集团,36.51,38.08,36.36,37.93,37.87,-1.36,-3.5912,1.9388,43517491,1608845731.18
2015-06-16,'000333,美的集团,36.45,37.14,35.73,36.57,36.51,-0.06,-0.1643,1.4793,33203355,1209704239.36
2015-06-17,'000333,美的集团,36.98,37.2,36.01,36.75,36.45,0.53,1.454,1.1579,25990068,950098864.9
2015-06-18,'000333,美的集团,35.91,37.14,35.86,36.98,36.98,-1.07,-2.8935,1.3484,30265565,1103264291.48
2015-06-19,'000333,美的集团,35.02,36.84,33,35.79,35.91,-0.89,-2.4784,1.5795,35452538,1271766078.63
2015-06-23,'000333,美的集团,38,38.15,34.8,34.98,35.02,2.98,8.5094,2.3518,52787032,1937786932.86
2015-06-24,'000333,美的集团,38.84,39,37.3,38.05,38,0.84,2.2105,2.315,51962160,1989228917.6
2015-06-25,'000333,美的集团,36.71,39.88,36,39.1,38.84,-2.13,-5.484,2.5196,57041384,2181446385.07
2015-06-26,'000333,美的集团,34.41,36.61,33.2,35.8,36.71,-2.3,-6.2653,2.3408,52991654,1844983531.53
2015-06-29,'000333,美的集团,34.3,36.64,32.5,36,34.41,-0.11,-0.3197,4.0169,90937483,3191557516
2015-06-30,'000333,美的集团,37.28,37.38,33.8,34.27,34.3,2.98,8.688,3.3164,75078868,2693630567.16
2015-07-01,'000333,美的集团,35.6,37.8,35.52,37,37.28,-1.68,-4.5064,2.1442,48541770,1794035022
2015-07-02,'000333,美的集团,35.99,36.5,33.68,36.2,35.6,0.39,1.0955,2.1458,48577902,1719085128.78
2015-07-03,'000333,美的集团,33.3,36,32.76,36,35.99,-2.69,-7.4743,2.6889,60874387,2089743175.79
2015-07-06,'000333,美的集团,35,36.55,32.99,36.55,33.3,1.7,5.1051,3.3208,75178048,2585614658.59
2015-07-07,'000333,美的集团,34.23,34.94,32.9,34.01,35,-0.77,-2.2,3.4172,77361419,2625066230.66
2015-07-08,'000333,美的集团,30.81,31.5,30.81,30.81,34.23,-3.42,-9.9912,5.097,115388476,3574854288.97
2015-07-09,'000333,美的集团,33.89,33.89,29,30.81,30.81,3.08,9.9968,2.7494,62243192,2013181033.16
2015-07-10,'000333,美的集团,37.25,37.28,33.89,34,33.89,3.36,9.9144,3.1886,72185400,2651565392
2015-07-13,'000333,美的集团,38.09,39.38,36.38,37.29,37.25,0.84,2.255,3.4497,78097567,2958227906.37
2015-07-14,'000333,美的集团,36.04,37.55,36.01,37.33,38.09,-2.05,-5.382,2.3064,52213203,1909335113.77
2015-07-15,'000333,美的集团,36,36.5,33.81,35.44,36.04,-0.04,-0.111,1.6016,36258369,1268218385.91
2015-07-16,'000333,美的集团,35.6,36.4,34.88,36,36,-0.4,-1.1111,1.3632,30862238,1105386570.12
2015-07-17,'000333,美的集团,36.42,36.95,35.6,36.12,35.6,0.82,2.3034,1.557,35328116,1277383492.3
2015-07-20,'000333,美的集团,35.63,36.56,35.3,36.55,36.42,-0.79,-2.1691,1.2834,29121421,1046133938.75
2015-07-21,'000333,美的集团,35.03,35.5,34.86,35.06,35.63,-0.6,-1.684,0.9374,21271203,747400352.47
2015-07-22,'000333,美的集团,34.37,35.76,34.1,35.41,35.03,-0.66,-1.8841,1.5874,36019291,1250358867.9
2015-07-23,'000333,美的集团,34.85,35,34,34.3,34.37,0.48,1.3966,1.4045,31869269,1104377598.49
2015-07-24,'000333,美的集团,34.36,35.5,34.2,34.85,34.85,-0.49,-1.406,1.346,30540891,1067331948.87
2015-07-27,'000333,美的集团,31.5,34.21,31.01,33.91,34.36,-2.86,-8.3236,1.9802,44932006,1488742844.03
2015-07-28,'000333,美的集团,32.88,33.55,30.56,30.87,31.5,1.38,4.381,2.4824,56326708,1814197735.15
2015-07-29,'000333,美的集团,33.42,33.53,32.54,33,32.88,0.54,1.6423,1.2551,28478986,939612403.49
2015-07-30,'000333,美的集团,32.25,33.78,32.1,33.38,33.42,-1.17,-3.5009,0.8989,20397588,675772260.9
2015-07-31,'000333,美的集团,33.15,33.21,31.61,31.75,32.25,0.9,2.7907,1.4282,32407553,1060298559.42
2015-08-03,'000333,美的集团,34,34,32.48,32.58,33.15,0.85,2.5641,1.373,31154772,1035419181.22
2015-08-04,'000333,美的集团,34.06,34.09,33.04,33.93,34,0.06,0.1765,1.006,22825969,769591016.02
2015-08-05,'000333,美的集团,34.41,35.99,34.3,35.5,34.06,0.35,1.0276,1.564,35487734,1247682327.34
2015-08-06,'000333,美的集团,33.82,34.5,33.01,33.79,34.41,-0.59,-1.7146,0.7756,17598970,594223362.21
2015-08-07,'000333,美的集团,34.22,34.5,33.8,34.29,33.82,0.4,1.1827,0.6659,14913699,510442118.16
2015-08-10,'000333,美的集团,34.95,35.12,33.6,34.22,34.22,0.73,2.1333,1.3512,30259810,1038542956.84
2015-08-11,'000333,美的集团,34.6,34.95,34.42,34.7,34.95,-0.35,-1.0014,1.1038,24720311,856974727.16
2015-08-12,'000333,美的集团,33.51,34.94,33.5,34.61,34.6,-1.09,-3.1503,1.0136,22699831,776570547.88
2015-08-13,'000333,美的集团,33.63,33.87,33,33.41,33.51,0.12,0.3581,0.7035,15754251,526669883.1
2015-08-14,'000333,美的集团,33.3,33.69,33.2,33.64,33.63,-0.33,-0.9813,0.7815,17502360,585784887.55
2015-08-17,'000333,美的集团,32.68,33.24,32.5,33.24,33.3,-0.62,-1.8619,0.7657,17147961,560748489.98
2015-08-18,'000333,美的集团,30.93,32.98,30.69,32.68,32.68,-1.75,-5.355,1.1394,25517502,816157621.09
2015-08-19,'000333,美的集团,31.27,31.4,30,30.57,30.93,0.34,1.0993,1.156,25889059,796330855.43
2015-08-20,'000333,美的集团,30.01,30.98,30.01,30.56,31.27,-1.26,-4.0294,1.0736,24042295,727157502.81
2015-08-21,'000333,美的集团,28.08,29.99,28,29.69,30.01,-1.93,-6.4312,1.3409,30028068,868411375.23
2015-08-24,'000333,美的集团,25.28,26.99,25.27,26.98,28.08,-2.8,-9.9715,2.3381,52360311,1331971302.44
2015-08-25,'000333,美的集团,23.76,26.18,23.33,23.86,25.28,-1.52,-6.0127,2.4513,54896159,1355341746.06
2015-08-26,'000333,美的集团,25.23,26.12,23.88,24.18,23.76,1.47,6.1869,2.4545,54967201,1383446093.12
2015-08-27,'000333,美的集团,26.54,26.63,25.17,26.2,25.23,1.31,5.1922,1.7979,40262972,1051756005.79
2015-08-28,'000333,美的集团,27.35,27.67,26.61,26.72,26.54,0.81,3.052,1.628,36457571,991774805.79
2015-08-31,'000333,美的集团,28.79,28.79,26.55,27.8,27.35,1.44,5.2651,2.2323,49991081,1384090659.67
2015-09-01,'000333,美的集团,28.83,28.88,27.32,27.99,28.79,0.04,0.1389,2.1631,48440981,1367208741.58
2015-09-02,'000333,美的集团,28.75,28.97,27.32,27.85,28.83,-0.08,-0.2775,2.8733,64347291,1821117146.22
2015-09-07,'000333,美的集团,26.86,28.99,26.72,28.55,28.75,-1.89,-6.5739,1.9572,43830923,1216507790.94
2015-09-08,'000333,美的集团,27.4,27.48,26.11,26.65,26.86,0.54,2.0104,0.9237,20686655,556197338.82
2015-09-09,'000333,美的集团,27.9,28.23,27.13,27.41,27.4,0.5,1.8248,1.1957,26777285,743461532.51
2015-09-10,'000333,美的集团,27.36,27.78,27.33,27.52,27.9,-0.54,-1.9355,0.6293,14092056,387788465.15
2015-09-11,'000333,美的集团,27.25,27.55,27.13,27.43,27.36,-0.11,-0.402,0.4244,9503818,259649576.75
2015-09-14,'000333,美的集团,26.01,27.42,25.5,27.4,27.25,-1.24,-4.5505,1.0911,24433888,641743877.24
2015-09-15,'000333,美的集团,25,25.88,24.7,25.88,26.01,-1.01,-3.8831,0.9066,20303484,510613868.26
2015-09-16,'000333,美的集团,26.64,26.98,24.98,25.2,25,1.64,6.56,0.9051,20269228,521919849.97
2015-09-17,'000333,美的集团,25.5,26.7,25.3,26.52,26.64,-1.14,-4.2793,0.8699,19481563,512478656.09
2015-09-18,'000333,美的集团,25.88,25.97,25.61,25.68,25.5,0.38,1.4902,0.5211,11668951,301106457.11
2015-09-21,'000333,美的集团,26.53,26.56,25.52,25.54,25.88,0.65,2.5116,0.6099,13657649,355562303.51
2015-09-22,'000333,美的集团,26.65,26.96,26.39,26.4,26.53,0.12,0.4523,0.6962,15591573,416417409.77
2015-09-23,'000333,美的集团,25.84,26.4,25.78,26.4,26.65,-0.81,-3.0394,0.5417,12130958,316300449.42
2015-09-24,'000333,美的集团,26.13,26.56,25.86,26.07,25.84,0.29,1.1223,0.536,12004218,315204773.76
2015-09-25,'000333,美的集团,25.1,26.05,24.95,26.01,26.13,-1.03,-3.9418,0.8288,18559580,469431649.91
2015-09-28,'000333,美的集团,25.1,25.15,24.73,25.12,25.1,0,0,0.4822,10799093,269359235.25
2015-09-29,'000333,美的集团,24.57,24.93,24.47,24.79,25.1,-0.53,-2.1116,0.5187,11615717,286236721.06
2015-09-30,'000333,美的集团,25.23,25.38,24.72,24.72,24.57,0.66,2.6862,0.5466,12239911,307349095.22
2015-10-08,'000333,美的集团,27.11,27.74,26.5,26.5,25.23,1.88,7.4514,1.694,37937094,1030189038.01
2015-10-09,'000333,美的集团,27.1,27.25,26.74,27.05,27.11,-0.01,-0.0369,0.6443,14428276,390128311.29
2015-10-12,'000333,美的集团,28.29,28.38,27,27.22,27.1,1.19,4.3911,1.2444,27868677,774116743.66
2015-10-13,'000333,美的集团,27.92,28.2,27.63,28.2,28.29,-0.37,-1.3079,0.7741,17334722,483528289.89
2015-10-14,'000333,美的集团,26.97,27.74,26.9,27.61,27.92,-0.95,-3.4026,0.9296,20817983,566828938.6
2015-10-15,'000333,美的集团,27.52,27.56,26.83,26.94,26.97,0.55,2.0393,0.9284,20791003,565110522.74
2015-10-16,'000333,美的集团,27.66,28.08,27.3,27.41,27.52,0.14,0.5087,0.9903,22177382,614033656.78
2015-10-19,'000333,美的集团,27.42,27.78,27.12,27.7,27.66,-0.24,-0.8677,0.9021,20203015,555874239.09
2015-10-20,'000333,美的集团,27.5,27.52,27.2,27.4,27.42,0.08,0.2918,0.6621,14827495,405439507.7
2015-10-21,'000333,美的集团,26.67,27.86,26.57,27.6,27.5,-0.83,-3.0182,1.0199,22840290,622333914
2015-10-22,'000333,美的集团,26.95,26.98,26.51,26.55,26.67,0.28,1.0499,0.7858,17596734,470640798.79
2015-10-23,'000333,美的集团,27.58,27.74,27.08,27.08,26.95,0.63,2.3377,0.8783,19668186,540536704.68
2015-10-26,'000333,美的集团,27.8,28.3,27.56,28.21,27.58,0.22,0.7977,0.9888,22144343,616032511.94
2015-10-27,'000333,美的集团,27.38,27.77,26.85,27.42,27.8,-0.42,-1.5108,0.8664,19402375,527449217.94
2015-10-28,'000333,美的集团,26.79,27.43,26.62,27.43,27.38,-0.59,-2.1549,1.1026,24692178,665857514.99
2015-10-29,'000333,美的集团,27.76,27.88,26.74,27.02,26.79,0.97,3.6208,1.4313,32052941,873601677.65
2015-10-30,'000333,美的集团,28.01,28.4,27.28,27.62,27.76,0.25,0.9006,1.2845,28765588,804238413.57
2015-11-02,'000333,美的集团,28.38,28.97,27.58,27.68,28.01,0.37,1.321,1.2653,28336160,810188654.47
2015-11-03,'000333,美的集团,28.18,28.57,27.9,28.38,28.38,-0.2,-0.7047,0.6834,15305351,432520990
2015-11-04,'000333,美的集团,29.35,29.39,28.15,28.18,28.18,1.17,4.1519,1.2532,28064575,815220458.32
2015-11-05,'000333,美的集团,30.05,30.52,29.06,29.35,29.35,0.7,2.385,1.772,39684055,1187986405.04
2015-11-06,'000333,美的集团,30.12,30.22,29.7,29.87,30.05,0.07,0.2329,1.1397,25523951,765096861.39
2015-11-09,'000333,美的集团,30.3,31,30.03,30.1,30.12,0.18,0.5976,1.2045,26975435,821175119.15
2015-11-10,'000333,美的集团,29.63,30.22,29.45,30.06,30.3,-0.67,-2.2112,1.0386,23258701,692802444.71
2015-11-11,'000333,美的集团,29.44,29.74,29.23,29.7,29.63,-0.19,-0.6412,0.7743,17340451,510869047.78
2015-11-12,'000333,美的集团,29.73,29.85,29.42,29.64,29.44,0.29,0.9851,0.6566,14703937,436293424.77
2015-11-13,'000333,美的集团,28.99,29.43,28.82,29.42,29.73,-0.74,-2.4891,0.8988,20128419,585517548.93
2015-11-16,'000333,美的集团,28.8,28.9,28.52,28.69,28.99,-0.19,-0.6554,1.3282,29743834,852226596.13
2015-11-17,'000333,美的集团,29.01,29.48,28.82,29,28.8,0.21,0.7292,1.4383,32210345,940608917.32
2015-11-18,'000333,美的集团,28.35,29.16,28.33,29.12,29.01,-0.66,-2.2751,1.3462,30147848,863942315.9
2015-11-19,'000333,美的集团,28.47,28.58,27.9,28.4,28.35,0.12,0.4233,1.5669,35089474,991226961.16
2015-11-20,'000333,美的集团,28.18,28.55,27.92,28.49,28.47,-0.29,-1.0186,1.8207,40774150,1148034313.74
2015-11-23,'000333,美的集团,28.1,28.38,27.9,28.17,28.18,-0.08,-0.2839,1.146,25663306,722055684.92
2015-11-24,'000333,美的集团,28.5,28.57,28.02,28.14,28.1,0.4,1.4235,0.8664,19402960,547501681.59
2015-11-25,'000333,美的集团,28.29,28.57,28.1,28.49,28.5,-0.21,-0.7368,1.4152,31692169,896717561.67
2015-11-26,'000333,美的集团,28.63,28.94,28.3,28.39,28.29,0.34,1.2018,1.3892,31111582,890293573.98
2015-11-27,'000333,美的集团,27.11,28.47,27,28.44,28.63,-1.52,-5.3091,1.261,28239940,785533128.04
2015-11-30,'000333,美的集团,26.83,27.35,26.17,27.28,27.11,-0.28,-1.0328,0.9514,21306430,571032635.73
2015-12-01,'000333,美的集团,27.83,28.21,26.51,26.86,26.83,1,3.7272,1.0823,24238541,666026205.95
2015-12-02,'000333,美的集团,29.3,30.33,27.6,27.78,27.83,1.47,5.2821,2.6135,58529163,1709867373.99
2015-12-03,'000333,美的集团,29.1,29.44,28.8,29.09,29.3,-0.2,-0.6826,1.0118,22658944,660217133.79
2015-12-04,'000333,美的集团,29.09,29.38,28.55,28.86,29.1,-0.01,-0.0344,1.1145,24958190,724199296.66
2015-12-07,'000333,美的集团,29.31,29.63,28.63,29.13,29.09,0.22,0.7563,1.0485,23481550,686734184.74
2015-12-08,'000333,美的集团,28.18,29.02,28.05,29.02,29.31,-1.13,-3.8553,0.8139,18228108,518709868.18
2015-12-09,'000333,美的集团,28.51,28.95,28.06,28.06,28.18,0.33,1.171,0.8368,18739548,536198984.57
2015-12-10,'000333,美的集团,28.88,29.46,28.58,28.6,28.51,0.37,1.2978,1.3632,30528259,891339971.2
2015-12-11,'000333,美的集团,29.38,29.52,28.56,28.91,28.88,0.5,1.7313,1.0711,23987307,699824344.21
2015-12-14,'000333,美的集团,30.05,30.24,29.03,29.18,29.38,0.67,2.2805,1.4892,33349745,996293423.14
2015-12-15,'000333,美的集团,30.05,30.3,29.57,29.98,30.05,0,0,0.9925,22226396,665497685.45
2015-12-16,'000333,美的集团,29.78,30.1,29.7,30.05,30.05,-0.27,-0.8985,0.5345,11969167,357186014.89
2015-12-17,'000333,美的集团,30.18,30.64,29.88,29.88,29.78,0.4,1.3432,0.9047,20260577,614293593.73
2015-12-18,'000333,美的集团,29.72,30.48,29.5,30.18,30.18,-0.46,-1.5242,0.7166,16047235,480553901.91
2015-12-21,'000333,美的集团,31.87,32.58,29.72,29.8,29.72,2.15,7.2342,2.0937,46886750,1482978693.39
2015-12-22,'000333,美的集团,32.45,32.88,31.62,31.88,31.87,0.58,1.8199,1.219,27299101,881777997.37
2015-12-23,'000333,美的集团,32.45,33.28,31.88,32.2,32.45,0,0,1.4438,32333920,1064031767.43
2015-12-24,'000333,美的集团,31.7,32.43,31.17,32.43,32.45,-0.75,-2.3112,0.7591,16999229,538114861.04
2015-12-25,'000333,美的集团,32.15,32.24,31.72,31.75,31.7,0.45,1.4196,0.4995,11185471,357723550.35
2015-12-28,'000333,美的集团,31,32.51,31,32.22,32.15,-1.15,-3.577,0.9106,20393580,647355431.03
2015-12-29,'000333,美的集团,33.09,33.98,30.66,31.05,31,2.09,6.7419,1.6413,36755288,1191961428.5
2015-12-30,'000333,美的集团,33.43,34.3,32.88,33.01,33.09,0.34,1.0275,1.9897,44558105,1502908344.53
2015-12-31,'000333,美的集团,32.82,33.58,32.55,33.45,33.43,-0.61,-1.8247,0.7963,17833301,589581678.38
2016-01-04,'000333,美的集团,29.72,33.18,29.54,32.82,32.82,-3.1,-9.4455,0.8946,20033877,637157835.71
2016-01-05,'000333,美的集团,31.33,31.48,29.53,29.72,29.72,1.61,5.4172,1.3939,31216593,962833784.01
2016-01-06,'000333,美的集团,31.59,31.95,30.92,31.28,31.33,0.26,0.8299,0.9019,20197645,634290658.85
2016-01-07,'000333,美的集团,29.04,30.98,28.88,30.9,31.59,-2.55,-8.0722,0.2847,6375400,191155844.09
2016-01-08,'000333,美的集团,29.81,30.59,28.73,30.21,29.04,0.77,2.6515,1.6726,37458179,1117506922.79
2016-01-11,'000333,美的集团,28.4,29.54,28.19,29,29.81,-1.41,-4.73,1.2606,28231103,816072618.05
2016-01-12,'000333,美的集团,28.81,29.17,28.18,28.62,28.4,0.41,1.4437,0.9567,21424986,616486992.97
2016-01-13,'000333,美的集团,28.99,29.93,28.55,29.06,28.81,0.18,0.6248,0.8486,19005027,555836414.84
2016-01-14,'000333,美的集团,29.6,29.78,28.01,28.02,28.99,0.61,2.1042,1.1863,26566028,773073114.31
2016-01-15,'000333,美的集团,28.39,29.82,28.1,29.6,29.6,-1.21,-4.0878,1.0747,24067914,696595364.33
2016-01-18,'000333,美的集团,27.8,28.55,27.4,27.74,28.39,-0.59,-2.0782,0.96,21498633,600503862.75
2016-01-19,'000333,美的集团,28.82,29.28,27.66,27.82,27.8,1.02,3.6691,0.9737,21806148,619797731.6
2016-01-20,'000333,美的集团,28.03,29,27.65,28.7,28.82,-0.79,-2.7412,1.0277,23014583,649803615.43
2016-01-21,'000333,美的集团,27.03,28.23,27.02,27.63,28.03,-1,-3.5676,0.9465,21196691,584255376.59
2016-01-22,'000333,美的集团,27.08,27.44,26.5,27.39,27.03,0.05,0.185,0.7563,16937202,456262215.58
2016-01-25,'000333,美的集团,27.2,27.49,27.07,27.22,27.08,0.12,0.4431,0.4177,9353881,255115185.67
2016-01-26,'000333,美的集团,25.85,27.23,25.77,27.04,27.2,-1.35,-4.9632,0.881,19729485,521849849.48
2016-01-27,'000333,美的集团,26.23,26.43,25.15,26,25.85,0.38,1.47,0.8228,18425264,476125033.96
2016-01-28,'000333,美的集团,26.51,26.97,25.88,26.03,26.23,0.28,1.0675,0.5922,13262052,351633301.87
2016-01-29,'000333,美的集团,27.31,27.5,26.2,26.35,26.51,0.8,3.0177,0.5444,12192388,331295242.84
2016-02-01,'000333,美的集团,27.35,27.56,27.11,27.32,27.31,0.04,0.1465,0.3763,8426900,230327638.9
2016-02-02,'000333,美的集团,27.61,27.98,27.3,27.35,27.35,0.26,0.9506,0.4719,10567871,293500209.75
2016-02-03,'000333,美的集团,27.17,27.58,26.81,27.48,27.61,-0.44,-1.5936,0.5823,13041001,353568908.66
2016-02-04,'000333,美的集团,27.29,27.67,27.11,27.22,27.17,0.12,0.4417,0.4112,9208826,252010643.46
2016-02-05,'000333,美的集团,27.42,27.68,27.27,27.4,27.29,0.13,0.4764,0.4478,10029004,275667516.35
2016-02-15,'000333,美的集团,26.96,27.28,26.72,26.95,27.42,-0.46,-1.6776,0.5244,11744093,317039840.95
2016-02-16,'000333,美的集团,27.74,27.8,27.1,27.33,26.96,0.78,2.8932,0.598,13392115,368560308.55
2016-02-17,'000333,美的集团,27.95,28.22,27.61,27.66,27.74,0.21,0.757,0.5199,11642326,325527212.5
2016-02-18,'000333,美的集团,27.86,28.29,27.78,28.13,27.95,-0.09,-0.322,0.3107,6958189,194440092.94
2016-02-19,'000333,美的集团,27.6,27.93,27.5,27.81,27.86,-0.26,-0.9332,0.2954,6615046,183255843.91
2016-02-22,'000333,美的集团,28.04,28.15,27.52,27.99,27.6,0.44,1.5942,0.5016,11233411,313698026.57
2016-02-23,'000333,美的集团,27.87,28.1,27.72,28.07,28.04,-0.17,-0.6063,0.4349,9740294,271761113.64
2016-02-24,'000333,美的集团,27.84,27.96,27.32,27.8,27.87,-0.03,-0.1076,0.3665,8208646,226804315.98
2016-02-25,'000333,美的集团,26.47,27.83,26,27.72,27.84,-1.37,-4.921,0.7256,16250633,437138500.46
2016-02-26,'000333,美的集团,26.84,26.91,26.46,26.59,26.47,0.37,1.3978,0.4244,9505338,253976907.44
2016-02-29,'000333,美的集团,26.07,26.79,25.72,26.78,26.84,-0.77,-2.8689,0.5889,13187816,343619108.84
2016-03-01,'000333,美的集团,26.96,26.97,26.09,26.15,26.07,0.89,3.4139,0.4916,11008693,294041808.13
2016-03-02,'000333,美的集团,29.18,29.18,26.97,27.19,26.96,2.22,8.2344,1.5885,35574638,1016690715.32
2016-03-03,'000333,美的集团,28.6,29.3,28.5,29.15,29.18,-0.58,-1.9877,0.662,14825167,427886489.43
2016-03-04,'000333,美的集团,29.12,29.75,28.55,28.78,28.6,0.52,1.8182,1.172,26245662,767632501.11
2016-03-07,'000333,美的集团,29.23,29.92,28.85,29.2,29.12,0.11,0.3777,0.5209,11665002,342677227.7
2016-03-08,'000333,美的集团,28.85,29.3,28.28,29.25,29.23,-0.38,-1.3,0.4129,9247334,265065474.53
2016-03-09,'000333,美的集团,28.78,29.35,28.32,28.55,28.85,-0.07,-0.2426,0.421,9429059,273531614.36
2016-03-10,'000333,美的集团,29.03,29.66,28.69,28.75,28.78,0.25,0.8687,0.4711,10550977,307604919.49
2016-03-11,'000333,美的集团,29,29.38,28.71,28.84,29.03,-0.03,-0.1033,0.2784,6235392,181117664.2
2016-03-14,'000333,美的集团,29.55,30.15,29.33,29.34,29,0.55,1.8966,0.7227,16184907,482072270.27
2016-03-15,'000333,美的集团,29.64,29.8,29,29.78,29.55,0.09,0.3046,0.5191,11624030,342046187.83
2016-03-16,'000333,美的集团,29.26,29.61,29.1,29.61,29.64,-0.38,-1.2821,0.3315,7424657,217418592.06
2016-03-17,'000333,美的集团,29.85,29.99,29.43,29.51,29.26,0.59,2.0164,0.4683,10487447,311932952.41
2016-03-18,'000333,美的集团,30.04,30.46,29.71,30.1,29.85,0.19,0.6365,1.0973,24572539,738878003.85
2016-03-21,'000333,美的集团,30.38,30.59,30.02,30.15,30.04,0.34,1.1318,0.8857,19835515,600612482.21
2016-03-22,'000333,美的集团,30.54,30.95,30.29,30.45,30.38,0.16,0.5267,0.6033,13510527,413263150.91
2016-03-23,'000333,美的集团,30.28,30.6,29.98,30.29,30.54,-0.26,-0.8513,0.4313,9657849,292222905.86
2016-03-24,'000333,美的集团,30.87,31.25,29.78,30.03,30.28,0.59,1.9485,0.9787,21918238,666782858.96
2016-03-25,'000333,美的集团,31.4,31.66,30.56,30.6,30.87,0.53,1.7169,0.7526,16853836,526500835.63
2016-03-28,'000333,美的集团,30.6,32.27,30.5,32.01,31.4,-0.8,-2.5478,1.146,25684031,803340048.74
2016-03-29,'000333,美的集团,29.99,30.78,29.8,30.75,30.6,-0.61,-1.9935,0.7206,16149949,488349312.01
2016-03-30,'000333,美的集团,30.53,30.55,29.98,30.16,29.99,0.54,1.8006,0.8646,19376003,586461151.6
2016-03-31,'000333,美的集团,30.85,31.39,30.68,30.68,30.53,0.32,1.0481,0.9082,20354021,631765079.89
2016-04-01,'000333,美的集团,30.59,31,30.2,31,30.85,-0.26,-0.8428,0.4578,10261031,313282077.21
2016-04-05,'000333,美的集团,30.79,30.94,30.26,30.26,30.59,0.2,0.6538,0.6536,14647165,449341186.91
2016-04-06,'000333,美的集团,30.75,30.97,30.56,30.7,30.79,-0.04,-0.1299,0.5052,11321474,348560313.02
2016-04-07,'000333,美的集团,30.1,30.93,30.05,30.81,30.75,-0.65,-2.1138,0.6303,14125067,429399313.57
2016-04-08,'000333,美的集团,30.02,30.33,29.84,30,30.1,-0.08,-0.2658,0.3764,8435194,253197759.41
2016-04-11,'000333,美的集团,30.4,30.55,30.2,30.23,30.02,0.38,1.2658,0.6696,15007611,456355575.89
2016-04-12,'000333,美的集团,30.46,30.54,30.2,30.4,30.4,0.06,0.1974,0.3699,8291086,251867134.18
2016-04-13,'000333,美的集团,30.68,31.08,30.52,30.6,30.46,0.22,0.7223,0.8295,18590698,573945631.69
2016-04-14,'000333,美的集团,30.92,31.07,30.7,30.79,30.68,0.24,0.7823,0.5262,11793469,364153514.71
2016-04-15,'000333,美的集团,30.96,31.1,30.8,30.95,30.92,0.04,0.1294,0.3883,8702882,269355551.73
2016-04-18,'000333,美的集团,30.62,30.96,30.45,30.96,30.96,-0.34,-1.0982,0.4059,9097038,278480445.47
2016-04-19,'000333,美的集团,30.78,30.85,30.4,30.71,30.62,0.16,0.5225,0.3518,7885010,240876602.96
2016-04-20,'000333,美的集团,29.88,30.78,29.51,30.78,30.78,-0.9,-2.924,0.9032,20241714,606508916.98
2016-04-21,'000333,美的集团,29.74,30.08,29.65,29.8,29.88,-0.14,-0.4685,0.3621,8115302,242668317.02
2016-04-22,'000333,美的集团,30.8,30.93,29.56,29.6,29.74,1.06,3.5642,0.666,14925480,455267184.88
2016-04-25,'000333,美的集团,31.2,31.55,30.7,30.8,30.8,0.4,1.2987,0.941,21088323,659180191.43
2016-04-26,'000333,美的集团,31.38,31.69,31.1,31.23,31.2,0.18,0.5769,0.4696,10523476,330326171.92
2016-04-27,'000333,美的集团,30.98,31.47,30.92,31.28,31.38,-0.4,-1.2747,0.4892,10963294,341910714.06
2016-04-28,'000333,美的集团,30.78,31.53,30.54,31.12,30.98,-0.2,-0.6456,0.6202,13898550,429000121.41
2016-04-29,'000333,美的集团,32.1,32.26,31.02,31.02,30.78,1.32,4.2885,1.1335,25404055,809800974.31
2016-05-03,'000333,美的集团,33.84,34.08,32.2,32.21,32.1,1.74,5.4206,1.322,29626941,991403733.56
2016-05-04,'000333,美的集团,32.96,33.79,32.8,33.3,33.84,-0.88,-2.6005,1.2352,27683061,917913733.17
2016-05-05,'000333,美的集团,32.99,33.24,32.85,33.07,32.96,0.03,0.091,0.8722,19547683,644939341.68
2016-05-06,'000333,美的集团,20.35,21.14,20.35,20.97,21.19,-0.84,-3.9641,1.1538,38785799,804154759.57
2016-05-09,'000333,美的集团,20.35,20.7,19.99,20.08,20.35,0,0,0.9604,32284589,656633625.66
2016-05-10,'000333,美的集团,21.08,21.59,20.15,20.4,20.35,0.73,3.5872,1.4323,48148741,1008644010.24
2016-05-11,'000333,美的集团,21.96,22.21,21.09,21.16,21.08,0.88,4.1746,1.7524,58911733,1280862760.75
2016-05-12,'000333,美的集团,21.9,22.55,21.3,21.6,21.96,-0.06,-0.2732,1.2108,40702798,895938410.17
2016-05-13,'000333,美的集团,21.51,22.23,21.42,21.81,21.9,-0.39,-1.7808,0.6382,21455461,467593178.93
2016-05-16,'000333,美的集团,21.8,22,21.51,21.51,21.51,0.29,1.3482,0.532,17884946,388807826.01
2016-05-17,'000333,美的集团,21.35,21.8,21.3,21.65,21.8,-0.45,-2.0642,0.5601,18828846,404102261.24
2016-05-18,'000333,美的集团,0,0,0,0,21.35,None,None,0,0,0
2016-05-19,'000333,美的集团,0,0,0,0,21.35,None,None,0,0,0
2016-05-20,'000333,美的集团,0,0,0,0,21.35,None,None,0,0,0
2016-05-23,'000333,美的集团,0,0,0,0,21.35,None,None,0,0,0
2016-05-24,'000333,美的集团,0,0,0,0,21.35,None,None,0,0,0
2016-05-25,'000333,美的集团,0,0,0,0,21.35,None,None,0,0,0
2016-05-26,'000333,美的集团,0,0,0,0,21.35,None,None,0,0,0
2016-05-27,'000333,美的集团,0,0,0,0,21.35,None,None,0,0,0
2016-05-30,'000333,美的集团,0,0,0,0,21.35,None,None,0,0,0
2016-05-31,'000333,美的集团,0,0,0,0,21.35,None,None,0,0,0
2016-06-01,'000333,美的集团,22.86,23.45,22.44,23.1,21.35,1.51,7.0726,2.3548,79182460,1815074213.95
2016-06-02,'000333,美的集团,22.56,22.88,22.36,22.71,22.86,-0.3,-1.3123,1.1519,38735296,873208177.29
2016-06-03,'000333,美的集团,23.08,23.23,22.45,22.56,22.56,0.52,2.305,1.0918,36714646,841547724.36
2016-06-06,'000333,美的集团,23.73,24.03,23,23.1,23.08,0.65,2.8163,1.3313,44767955,1056676695.91
2016-06-07,'000333,美的集团,23.13,23.83,23,23.73,23.73,-0.6,-2.5284,1.1186,37615544,872772122.78
2016-06-08,'000333,美的集团,22.68,23,22.5,23,23.13,-0.45,-1.9455,0.8144,27385702,620325679.89
2016-06-13,'000333,美的集团,22.3,22.83,22.25,22.41,22.68,-0.38,-1.6755,0.8204,27585859,620447225.96
2016-06-14,'000333,美的集团,22.58,22.69,22.11,22.3,22.3,0.28,1.2556,0.6089,20476417,459586299.49
2016-06-15,'000333,美的集团,22.78,23.06,22.13,22.16,22.58,0.2,0.8857,0.8397,28236018,641982565.04
2016-06-16,'000333,美的集团,22.36,22.71,22.18,22.64,22.78,-0.42,-1.8437,0.5228,17580475,393835727.4
2016-06-17,'000333,美的集团,22.43,22.9,22.22,22.77,22.36,0.07,0.3131,0.8207,27595876,622869397.61
2016-06-20,'000333,美的集团,22.96,23.03,22.21,22.26,22.43,0.53,2.3629,1.0724,36062846,818210664.84
2016-06-21,'000333,美的集团,22.72,23.15,22.63,22.99,22.96,-0.24,-1.0453,0.6926,23291425,534140250.82
2016-06-22,'000333,美的集团,22.96,23.03,22.54,22.61,22.72,0.24,1.0563,0.5377,18079780,413277502.54
2016-06-23,'000333,美的集团,22.7,23.03,22.6,22.95,22.96,-0.26,-1.1324,0.5332,17928263,408680867.51
2016-06-24,'000333,美的集团,22.83,23.23,22.5,22.74,22.7,0.13,0.5727,1.1624,39087493,896873369.76
2016-06-27,'000333,美的集团,23.64,23.87,22.66,22.66,22.83,0.81,3.548,1.2331,41463643,972892318.62
2016-06-28,'000333,美的集团,23.35,23.52,22.97,23.52,23.64,-0.29,-1.2267,1.5095,50758050,1180515157.29
2016-06-29,'000333,美的集团,23.37,23.47,23.09,23.28,23.35,0.02,0.0857,0.9474,31857127,741261901.19
2016-06-30,'000333,美的集团,23.72,23.78,23.23,23.44,23.37,0.35,1.4976,1.5461,51989503,1223986875.36
2016-07-01,'000333,美的集团,24.08,24.63,23.79,23.79,23.72,0.36,1.5177,1.4101,47416456,1150129066.53
2016-07-04,'000333,美的集团,24.45,25.08,23.93,24.01,24.08,0.37,1.5365,1.9344,65046066,1598368616.65
2016-07-05,'000333,美的集团,24.1,24.59,24.02,24.55,24.45,-0.35,-1.4315,1.2688,42663992,1030258619.26
2016-07-06,'000333,美的集团,24.38,24.46,23.86,24.05,24.1,0.28,1.1618,1.2072,40593291,980967027.7
2016-07-07,'000333,美的集团,24.44,24.96,24.33,24.45,24.38,0.06,0.2461,1.7708,59545975,1471120384.88
2016-07-08,'000333,美的集团,24.15,24.75,24.05,24.62,24.44,-0.29,-1.1866,1.1115,37377178,907840166.57
2016-07-11,'000333,美的集团,24.96,25.22,24.16,24.35,24.15,0.81,3.354,1.9777,66505083,1655500522.52
2016-07-12,'000333,美的集团,27.46,27.46,24.98,25.05,24.96,2.5,10.016,3.4298,115331093,3078897015.27
2016-07-13,'000333,美的集团,27.35,28.69,27.05,27.87,27.46,-0.11,-0.4006,2.6593,89421783,2479972926.67
2016-07-14,'000333,美的集团,27.04,27.65,26.77,27.16,27.35,-0.31,-1.1335,1.3568,45623148,1237514554.13
2016-07-15,'000333,美的集团,28.65,29.57,27.06,27.06,27.04,1.61,5.9541,2.587,86992561,2457773426.32
2016-07-18,'000333,美的集团,28.46,29.29,28.01,28.39,28.65,-0.19,-0.6632,1.642,55213848,1577573104.36
2016-07-19,'000333,美的集团,27.45,28.55,27.11,28.32,28.46,-1.01,-3.5488,1.7866,60078343,1661231131.69
2016-07-20,'000333,美的集团,27.3,27.78,27.01,27.49,27.45,-0.15,-0.5464,0.947,31844826,867871970.92
2016-07-21,'000333,美的集团,28.07,29.29,27.5,27.58,27.3,0.77,2.8205,1.9116,64280665,1825547525.01
2016-07-22,'000333,美的集团,27.28,28.3,27,28.1,28.07,-0.79,-2.8144,1.5605,52475526,1443097731.19
2016-07-25,'000333,美的集团,26.66,27.43,26.62,27.01,27.28,-0.62,-2.2727,1.4261,47954066,1291139367.76
2016-07-26,'000333,美的集团,27.54,27.63,26.4,26.69,26.66,0.88,3.3008,1.878,63149661,1709602142.17
2016-07-27,'000333,美的集团,26.96,27.7,26.36,27.6,27.54,-0.58,-2.106,1.8207,61224194,1657006184.62
2016-07-28,'000333,美的集团,27.78,28.38,26.8,26.96,26.96,0.82,3.0415,2.3975,80619290,2243058230.32
2016-07-29,'000333,美的集团,28.2,28.8,27.52,27.78,27.78,0.42,1.5119,2.1436,72082505,2041009367.02
2016-08-01,'000333,美的集团,27.76,28.58,27.51,28.04,28.2,-0.44,-1.5603,1.4214,47797885,1335042426.36
2016-08-02,'000333,美的集团,27.6,27.74,26.97,27.68,27.76,-0.16,-0.5764,1.2991,43686022,1192078736.93
2016-08-03,'000333,美的集团,28.01,28.08,27.27,27.42,27.6,0.41,1.4855,1.1231,37767455,1048249166.46
2016-08-04,'000333,美的集团,27.69,28.12,27.53,27.85,28.01,-0.32,-1.1424,1.0484,35255512,977595423.93
2016-08-05,'000333,美的集团,27.97,28.46,27.56,27.65,27.69,0.28,1.0112,1.3334,44837432,1259936292.88
2016-08-08,'000333,美的集团,27.69,27.96,27.18,27.96,27.97,-0.28,-1.0011,1.0251,34470242,947532729.31
2016-08-09,'000333,美的集团,27.83,28.05,27.33,27.89,27.69,0.14,0.5056,0.9983,33570092,929091226.69
2016-08-10,'000333,美的集团,27.23,27.99,27.09,27.68,27.83,-0.6,-2.1559,1.2955,43563723,1196222227.72
2016-08-11,'000333,美的集团,27.24,27.59,27.16,27.26,27.23,0.01,0.0367,0.8794,29570906,809177499.7
2016-08-12,'000333,美的集团,27.04,27.35,26.4,27.24,27.24,-0.2,-0.7342,1.4683,49373286,1323216763.73
2016-08-15,'000333,美的集团,27.92,28.03,26.65,27.05,27.04,0.88,3.2544,2.0155,67775783,1862533921.1
2016-08-16,'000333,美的集团,28.35,29.15,28.01,28.01,27.92,0.43,1.5401,2.0661,69474666,1990160778.81
2016-08-17,'000333,美的集团,28.43,29.1,28.27,28.6,28.35,0.08,0.2822,1.3499,45391157,1301493533.87
2016-08-18,'000333,美的集团,28.07,28.49,27.84,28.36,28.43,-0.36,-1.2663,1.0513,35350670,991996054.08
2016-08-19,'000333,美的集团,27.86,28.28,27.68,27.94,28.07,-0.21,-0.7481,0.8239,27703782,772131780.83
2016-08-22,'000333,美的集团,27.42,27.86,27.32,27.86,27.86,-0.44,-1.5793,0.768,25824868,710455369.31
2016-08-23,'000333,美的集团,27.63,28.08,27.4,27.5,27.42,0.21,0.7659,0.8221,27643936,767354041.32
2016-08-24,'000333,美的集团,27.3,27.79,27.21,27.7,27.63,-0.33,-1.1944,0.6784,22811351,624708703.51
2016-08-25,'000333,美的集团,27.5,27.73,27,27.25,27.3,0.2,0.7326,0.6812,22906820,625824416.46
2016-08-26,'000333,美的集团,27.22,27.73,27.13,27.49,27.5,-0.28,-1.0182,0.5967,20064586,550993563
2016-08-29,'000333,美的集团,27.05,27.33,26.88,27.18,27.22,-0.17,-0.6245,0.6413,21566295,583192655.79
2016-08-30,'000333,美的集团,26.87,27.2,26.71,27.05,27.05,-0.18,-0.6654,0.7285,24497489,658946903.79
2016-08-31,'000333,美的集团,27.4,27.68,27.03,27.05,26.87,0.53,1.9725,1.0796,36784708,1008493451.85
2016-09-01,'000333,美的集团,27.47,27.62,27.15,27.33,27.4,0.07,0.2555,0.7421,25285622,693932731.72
2016-09-02,'000333,美的集团,27.12,28.07,26.91,27.78,27.47,-0.35,-1.2741,1.0975,37396799,1022135905.03
2016-09-05,'000333,美的集团,27.43,27.54,26.9,27.13,27.12,0.31,1.1431,0.844,28757195,786319447.32
2016-09-06,'000333,美的集团,27.31,27.44,26.9,27.3,27.43,-0.12,-0.4375,0.8965,30546714,828005775.02
2016-09-07,'000333,美的集团,27.23,27.38,27.11,27.29,27.31,-0.08,-0.2929,0.566,19284352,525836839.08
2016-09-08,'000333,美的集团,27.21,27.45,27.09,27.23,27.23,-0.02,-0.0734,0.5909,20133941,548851311.21
2016-09-09,'000333,美的集团,27.02,27.27,26.98,27.27,27.21,-0.19,-0.6983,0.5339,18190721,492979434.99
2016-09-12,'000333,美的集团,26.29,26.74,26.11,26.74,27.02,-0.73,-2.7017,1.0551,35950103,947670606.06
2016-09-13,'000333,美的集团,26.34,26.55,26.27,26.46,26.29,0.05,0.1902,0.483,16457280,434327968.56
2016-09-14,'000333,美的集团,25.4,26.21,25.18,26.21,26.34,-0.94,-3.5687,1.168,39798629,1021454467.56
2016-09-19,'000333,美的集团,26,26.25,25.39,25.4,25.4,0.6,2.3622,0.4173,26556893,690391436.19
2016-09-20,'000333,美的集团,25.91,26.08,25.74,26.08,26,-0.09,-0.3462,0.1567,9971872,258218038.24
2016-09-21,'000333,美的集团,25.97,26.05,25.88,26.01,25.91,0.06,0.2316,0.146,9294078,241438466.84
2016-09-22,'000333,美的集团,26.15,26.33,25.93,26.1,25.97,0.18,0.6931,0.3458,22010478,575505646.45
2016-09-23,'000333,美的集团,26.26,26.36,26.12,26.21,26.15,0.11,0.4207,0.2088,13288004,348663690.35
2016-09-26,'000333,美的集团,26.02,26.31,26,26.25,26.26,-0.24,-0.9139,0.1807,11500682,301076065.79
2016-09-27,'000333,美的集团,26.16,26.2,25.76,25.86,26.02,0.14,0.538,0.1689,10749633,279575534.09
2016-09-28,'000333,美的集团,26.19,26.4,26.12,26.24,26.16,0.03,0.1147,0.1764,11223630,294764802.14
2016-09-29,'000333,美的集团,26.5,26.55,26.2,26.29,26.19,0.31,1.1837,0.193,12280360,324708060.22
2016-09-30,'000333,美的集团,27.01,27.17,26.51,26.59,26.5,0.51,1.9245,0.3216,20465989,552535509.47
2016-10-10,'000333,美的集团,26.95,27.2,26.52,27.18,27.01,-0.06,-0.2221,0.4073,25921181,696636601.32
2016-10-11,'000333,美的集团,27,27.14,26.68,26.9,26.95,0.05,0.1855,0.3458,22004789,592389006
2016-10-12,'000333,美的集团,26.81,26.98,26.76,26.98,27,-0.19,-0.7037,0.1905,12125548,325080754.5
2016-10-13,'000333,美的集团,26.3,26.87,26.29,26.87,26.81,-0.51,-1.9023,0.3546,22568949,597663597.5
2016-10-14,'000333,美的集团,26.37,26.52,26.25,26.32,26.3,0.07,0.2662,0.2718,17300794,456589383.68
2016-10-17,'000333,美的集团,26.27,26.53,26.21,26.48,26.37,-0.1,-0.3792,0.2205,14033212,370332583.64
2016-10-18,'000333,美的集团,26.35,26.36,26.05,26.1,26.27,0.08,0.3045,0.3567,22703193,594479906.25
2016-10-19,'000333,美的集团,26.14,26.39,26.08,26.36,26.35,-0.21,-0.797,0.242,15399856,403273965.28
2016-10-20,'000333,美的集团,26.25,26.34,25.99,26.14,26.14,0.11,0.4208,0.2447,15570390,407467350.32
2016-10-21,'000333,美的集团,26.38,26.53,26.16,26.18,26.25,0.13,0.4952,0.3629,23097359,608799355.51
2016-10-24,'000333,美的集团,26.66,26.75,26.39,26.53,26.38,0.28,1.0614,0.5452,34696954,922414258.24
2016-10-25,'000333,美的集团,26.8,26.88,26.53,26.66,26.66,0.14,0.5251,0.4567,29063381,777320449.62
2016-10-26,'000333,美的集团,26.67,26.85,26.59,26.8,26.8,-0.13,-0.4851,0.2889,18388687,491053877.27
2016-10-27,'000333,美的集团,26.68,26.7,26.4,26.66,26.67,0.01,0.0375,0.1956,12449359,330062958.4
2016-10-28,'000333,美的集团,26.76,26.83,26.49,26.64,26.68,0.08,0.2999,0.326,20745154,553742337.91
2016-10-31,'000333,美的集团,27.15,27.19,26.67,26.86,26.76,0.39,1.4574,0.6587,41947232,1131912604.38
2016-11-01,'000333,美的集团,27.77,27.91,27.17,27.2,27.15,0.62,2.2836,0.6421,40892220,1127865216.15
2016-11-02,'000333,美的集团,27.48,27.71,27.3,27.71,27.77,-0.29,-1.0443,0.3682,23445241,645368478.58
2016-11-03,'000333,美的集团,27.4,27.69,27.3,27.3,27.48,-0.08,-0.2911,0.247,15732378,433094867.18
2016-11-04,'000333,美的集团,26.99,27.56,26.98,27.3,27.4,-0.41,-1.4964,0.3161,20128149,547120477.54
2016-11-07,'000333,美的集团,26.95,27.1,26.76,27.02,26.99,-0.04,-0.1482,0.2243,14285566,384758705.06
2016-11-08,'000333,美的集团,27.4,27.6,27.03,27.03,26.95,0.45,1.6698,0.2909,18522343,506591227.81
2016-11-09,'000333,美的集团,27.18,27.49,26.9,27.49,27.4,-0.22,-0.8029,0.3313,21096697,573731132.18
2016-11-10,'000333,美的集团,27.57,27.74,27.3,27.3,27.18,0.39,1.4349,0.3568,22722922,627256004.53
2016-11-11,'000333,美的集团,27.43,27.7,27.29,27.55,27.57,-0.14,-0.5078,0.2999,19100786,524189184.14
2016-11-14,'000333,美的集团,27.1,27.63,26.98,27.56,27.43,-0.33,-1.2031,0.5155,32829345,893464369.01
2016-11-15,'000333,美的集团,27,27.09,26.87,27.05,27.1,-0.1,-0.369,0.373,23755301,639687083.96
2016-11-16,'000333,美的集团,26.94,27.07,26.86,27,27,-0.06,-0.2222,0.1778,11325381,305149838.94
2016-11-17,'000333,美的集团,27,27.18,26.85,27,26.94,0.06,0.2227,0.264,16811777,453307123.47
2016-11-18,'000333,美的集团,27.13,27.22,26.93,27.02,27,0.13,0.4815,0.2342,14911388,403465285.35
2016-11-21,'000333,美的集团,27.58,27.78,27.13,27.13,27.13,0.45,1.6587,0.5534,35242593,970001577.19
2016-11-22,'000333,美的集团,27.44,27.78,27.4,27.61,27.58,-0.14,-0.5076,0.268,17065789,470056101.72
2016-11-23,'000333,美的集团,28.05,28.2,27.47,27.47,27.44,0.61,2.223,0.7172,45671206,1277341747.22
2016-11-24,'000333,美的集团,28.98,29.5,27.69,27.8,28.05,0.93,3.3155,1.2171,77506821,2227223879.39
2016-11-25,'000333,美的集团,29,29.3,28.2,28.89,28.98,0.02,0.069,0.5632,35865533,1035308658.58
2016-11-28,'000333,美的集团,30.12,30.49,28.8,29.35,29,1.12,3.8621,1.2589,80168715,2371494707.5
2016-11-29,'000333,美的集团,31.47,32.25,29.87,30,30.12,1.35,4.4821,1.898,120873013,3777693476.42
2016-11-30,'000333,美的集团,30.28,31.31,30.14,31.09,31.47,-1.19,-3.7814,0.9542,60767554,1851255104.54
2016-12-01,'000333,美的集团,30.85,32.2,30.4,31.3,30.28,0.57,1.8824,1.4253,90766574,2828150395.86
2016-12-02,'000333,美的集团,29.87,31,29.54,31,30.85,-0.98,-3.1767,0.7976,50794271,1521112059.62
2016-12-05,'000333,美的集团,28.62,29.28,28.3,28.39,29.87,-1.25,-4.1848,0.9138,58194538,1672072989.72
2016-12-06,'000333,美的集团,28.87,29.42,28.79,28.82,28.62,0.25,0.8735,0.5114,32569360,948520347.69
2016-12-07,'000333,美的集团,28.89,29.22,28.72,28.89,28.87,0.02,0.0693,0.3729,23746911,687204388.42
2016-12-08,'000333,美的集团,29.11,29.35,28.9,29.04,28.89,0.22,0.7615,0.4115,26205361,763643730.89
2016-12-09,'000333,美的集团,30.18,30.56,29.13,29.22,29.11,1.07,3.6757,0.9644,61417364,1840673511.32
2016-12-12,'000333,美的集团,29.29,30,29.18,29.95,30.18,-0.89,-2.949,0.5495,34994743,1034597366.45
2016-12-13,'000333,美的集团,28.8,29.5,28.38,29.06,29.29,-0.49,-1.6729,0.6127,39018212,1126343750.93
2016-12-14,'000333,美的集团,28.4,29.12,28.4,28.85,28.8,-0.4,-1.3889,0.3259,20756608,596990525.85
2016-12-15,'000333,美的集团,27.83,28.3,27.5,28.28,28.4,-0.57,-2.007,0.4608,29346213,818175209.42
2016-12-16,'000333,美的集团,29.2,29.2,27.9,27.9,27.83,1.37,4.9227,0.6032,38413579,1090722532.52
2016-12-19,'000333,美的集团,28.85,29.3,28.66,29,29.2,-0.35,-1.1986,0.3315,21110573,612115048.24
2016-12-20,'000333,美的集团,28.23,29.03,28.02,28.84,28.85,-0.62,-2.149,0.3415,21744842,618197955.75
2016-12-21,'000333,美的集团,28.38,28.75,28.21,28.33,28.23,0.15,0.5313,0.3005,19134370,543882528.68
2016-12-22,'000333,美的集团,28.38,28.6,28.06,28.34,28.38,0,0,0.2318,14758889,418630607.92
2016-12-23,'000333,美的集团,28.13,28.58,28.06,28.36,28.38,-0.25,-0.8809,0.2125,13529635,382057652.81
2016-12-26,'000333,美的集团,28.31,28.35,27.91,28.1,28.13,0.18,0.6399,0.2533,16129045,453797721.3
2016-12-27,'000333,美的集团,28.3,28.62,28.2,28.31,28.31,-0.01,-0.0353,0.3684,23458942,666870582.55
2016-12-28,'000333,美的集团,28.07,28.37,27.9,28.3,28.3,-0.23,-0.8127,0.2778,17691965,496430266.62
2016-12-29,'000333,美的集团,28.02,28.14,27.97,28,28.07,-0.05,-0.1781,0.2774,17665394,495542358.7
2016-12-30,'000333,美的集团,28.17,28.32,27.9,28.05,28.02,0.15,0.5353,0.2711,17263516,485375893.23
2017-01-03,'000333,美的集团,29.12,29.5,28.62,28.65,28.17,0.95,3.3724,0.6926,44108241,1282988882.98
2017-01-04,'000333,美的集团,29.83,29.98,29.13,29.13,29.12,0.71,2.4382,0.5623,35806832,1057612147.95
2017-01-05,'000333,美的集团,29.69,29.93,29.51,29.82,29.83,-0.14,-0.4693,0.3011,19176212,568420712.18
2017-01-06,'000333,美的集团,29.39,29.69,29.2,29.69,29.69,-0.3,-1.0104,0.3108,19794180,580370040.47
2017-01-09,'000333,美的集团,29.25,29.5,28.91,29.48,29.39,-0.14,-0.4764,0.2787,17747932,517889512.66
2017-01-10,'000333,美的集团,29.18,29.41,29,29,29.25,-0.07,-0.2393,0.2609,16612513,484385895.6
2017-01-11,'000333,美的集团,28.6,29.24,28.48,29.07,29.18,-0.58,-1.9877,0.3775,24037092,692519330.04
2017-01-12,'000333,美的集团,28.2,28.85,28.18,28.6,28.6,-0.4,-1.3986,0.3984,25368155,721008989.61
2017-01-13,'000333,美的集团,28.22,28.5,28.19,28.24,28.2,0.02,0.0709,0.306,19486113,551763385.7
2017-01-16,'000333,美的集团,28.25,28.62,27.79,28.22,28.22,0.03,0.1063,0.4578,29154002,823699857.41
2017-01-17,'000333,美的集团,28.91,28.95,28.15,28.2,28.25,0.66,2.3363,0.3684,23461039,670703528.89
2017-01-18,'000333,美的集团,29.14,29.52,28.76,28.76,28.91,0.23,0.7956,0.5336,33983685,996433491.19
2017-01-19,'000333,美的集团,28.77,29.15,28.58,29,29.14,-0.37,-1.2697,0.5826,37098442,1069010751.3
2017-01-20,'000333,美的集团,29.22,29.35,28.72,28.74,28.77,0.45,1.5641,0.5124,32630800,952583487.72
2017-01-23,'000333,美的集团,28.96,29.48,28.9,29.36,29.22,-0.26,-0.8898,0.3942,25106865,732238773.29
2017-01-24,'000333,美的集团,29.1,29.3,28.8,28.97,28.96,0.14,0.4834,0.421,26808705,777495403.37
2017-01-25,'000333,美的集团,29.4,29.59,28.96,29.03,29.1,0.3,1.0309,0.4468,28451758,836778108.71
2017-01-26,'000333,美的集团,29.9,30.14,29.45,29.45,29.4,0.5,1.7007,0.5369,34191530,1022714703
2017-02-03,'000333,美的集团,29.9,30.05,29.4,29.7,29.9,0,0,0.3744,23840976,708232113.65
2017-02-06,'000333,美的集团,29.99,30.46,29.86,29.9,29.9,0.09,0.301,0.4667,29719260,896997426.33
2017-02-07,'000333,美的集团,29.65,30.17,29.54,30,29.99,-0.34,-1.1337,0.5088,32400398,965184287.41
2017-02-08,'000333,美的集团,29.88,30.07,29.58,29.65,29.65,0.23,0.7757,0.4023,25621590,763569863.39
2017-02-09,'000333,美的集团,30.02,30.12,29.87,29.94,29.88,0.14,0.4685,0.3942,25101671,753527779.16
2017-02-10,'000333,美的集团,30.12,30.48,29.99,30.1,30.02,0.1,0.3331,0.4238,26991885,814459157.03
2017-02-13,'000333,美的集团,30.91,30.94,30.05,30.05,30.12,0.79,2.6228,0.7011,44650847,1368505944
2017-02-14,'000333,美的集团,30.69,31.29,30.6,31,30.91,-0.22,-0.7117,0.4165,26523718,818126119.56
2017-02-15,'000333,美的集团,31.06,31.45,30.7,30.83,30.69,0.37,1.2056,0.4778,30427042,947849153.89
2017-02-16,'000333,美的集团,32.03,32.1,30.93,31,31.06,0.97,3.123,0.649,41327408,1302878001.71